robot_max_speed,robot_radius,success_rate,collision_rate,timeout_rate,average_path_length,average_time_diff,width,height,indoor_map_type,iterations,corridor_width,outdoor_map_type,num_static_obstacles,static_obstacle_size,other_map_type,mean_angle_info,entropy,map_size,max_entropy,num_obs_cv2,occupancy_ratio,distance_normalized,distance_avg,distance_variance,average_linear_velocity,average_obstalce_size,number_dynamic_obstalces,crowdnav,dwa,rlca,teb,0
2,0.267,0.17,0.53,0.3,455.76,5070000000000,90,90,1,70,5,0,0,0,0,120,0.0386,4050,2.3219,6,0.3232,0.8,0.0077,0,0.55,0.38,4,0,0,1,0,0.874413875
0.22,0.113,0.28,0.72,0,172.12,1370000000000,70,70,1,15,4,0,0,0,0,180,0.0148,2450,2.3219,3,0.6543,0.7,0.0046,0,0.56,0.56,9,0,0,1,0,0.306446767
0.22,0.113,0.8,0.2,0,33.28,285533000000,50,50,1,30,3,0,0,0,0,180,0.0106,1250,2.3219,6,0.5244,0.5,0.0089,0,0,0,0,0,0,1,0,0.116784248
2,0.267,0.27,0.73,0,158.49,2301850000000,90,50,1,45,3,0,0,0,0,120,0.0202,2250,2.3219,5,0.456,0.2,0.005,0,0.48,0.54,9,0,0,1,0,0.025702979
0.22,0.113,0.6,0.4,0,74.12,721000000000,90,90,1,70,5,0,0,0,0,360,0.0406,4050,2.3219,3,0.2712,0.7,0.0083,0,0.55,0.71,8,0,0,1,0,0.289616889
0.22,0.113,0.73,0.27,0,94.88,1120000000000,90,90,1,70,5,0,0,0,0,200,0.0374,4050,2.3219,11,0.3175,0.5,0.0216,0,0,0,0,0,0,1,0,0.80021998
2,0.267,0.79,0.17,0.03,32.88,472000000000,50,50,1,15,3,0,0,0,0,180,0.0095,1250,2.3219,2,0.6168,0,0,1,0.35,0.44,2,0,0,1,0,0.948817494
0.22,0.113,0.34,0.66,0,197.96,1890000000000,70,70,1,70,3,0,0,0,0,60,0.0238,2450,2.3219,8,0.3867,0.8,0.0079,0,0.57,0.5,9,0,0,1,0,0.583793701
1.1,0.625,0.82,0.18,0,20.35,233000000000,50,50,1,15,5,0,0,0,0,180,0.012,1250,2.3219,2,0.4492,0,0,1,0.48,0.45,2,0,0,1,0,0.267715953
2,0.267,0.38,0.28,0.34,337.73,3260000000000,90,90,1,45,3,0,0,0,0,360,0.0284,4050,2.3219,3,0.5674,0.7,0.0101,0,0,0,0,0,0,1,0,0.286488784
1.1,0.625,0,0.7,0.3,10.7,5990000000000,50,50,1,30,5,0,0,0,0,180,0.0139,1250,2.3219,2,0.3144,0,0,1,0.36,0.47,4,0,0,1,0,0.262515892
0.22,0.113,0.69,0.31,0,97.47,961000000000,90,90,1,45,5,0,0,0,0,180,0.0322,4050,2.3219,3,0.4375,0.7,0.0045,0,0,0,0,0,0,1,0,0.645039085
2,0.267,0.34,0,0.66,441.76,4640000000000,70,70,1,70,5,0,0,0,0,360,0.0269,2450,2.3219,1,0.2408,0,0,1,0,0,0,0,0,1,0,0.655626672
2,0.267,0.2,0.63,0.17,294.57,4500000000000,90,90,1,30,5,0,0,0,0,225,0.0338,4050,2.3219,6,0.4257,0.5,0.0138,0,0.48,0.51,12,0,0,1,0,0.898556422
0.22,0.113,0.69,0.31,0,51.07,446000000000,50,50,1,15,5,0,0,0,0,90,0.0123,1250,2.3219,4,0.4296,0.5,0.0045,0,0.75,0.48,6,0,0,1,0,0.247610868
1.1,0.625,0.4,0.6,0,91.85,1330000000000,70,70,1,15,3,0,0,0,0,180,0.0134,2450,2.3219,2,0.7049,0,0,1,0.53,0.72,6,0,0,1,0,0.008404744
0.22,0.113,0.17,0.83,0,271.06,2020000000000,50,50,1,15,3,0,0,0,0,180,0.0092,1250,2.3219,4,0.6192,0.8,0.0055,0,0.55,0.7,6,0,0,1,0,0.828953398
0.22,0.113,0.27,0.73,0,134.53,1382410000000,50,50,1,45,3,0,0,0,0,120,0.0139,1250,2.3219,3,0.3532,0.7,0.0051,0,0.59,0.52,6,0,0,1,0,0.059295619
0.22,0.113,0.47,0.53,0,384.41,2960000000000,90,90,0,0,0,1,30,6,0,342.8571,0.0324,4050,2.3219,5,0.4658,0.6,0.0114,0,0,0,0,0,0,1,0,0.668107631
0.22,0.113,0.83,0.17,0,23.53,231960000000,50,50,1,70,5,0,0,0,0,180,0.0154,1250,2.3219,2,0.2304,0,0,1,0.6,0.6,6,0,0,1,0,0.928769494
0.22,0.113,0.63,0.37,0,75.8,510000000000,50,50,1,45,4,0,0,0,0,180,0.0155,1250,2.3219,5,0.248,0.8,0.0084,0,0.66,0.75,4,0,0,1,0,0.7558654
0.22,0.113,0.57,0.43,0,167.09,1650000000000,70,70,1,30,5,0,0,0,0,360,0.022,2450,2.3219,1,0.4331,0,0,1,0.42,0.66,3,0,0,1,0,0.372252838
0.22,0.113,0.73,0.23,0.03,90.25,960000000000,90,90,0,0,0,1,30,2,0,261.8182,0.0452,4050,2.3219,33,0.129,0.6,0.0138,0,0,0,0,0,0,1,0,0.540236107
0.22,0.113,0.21,0.79,0,246.71,2170000000000,90,90,1,15,3,0,0,0,0,360,0.0171,4050,2.3219,1,0.7657,0,0,1,0.62,0.5,12,0,0,1,0,0.680352589
2,0.267,0.14,0.79,0.07,482.38,4430000000000,70,70,1,70,4,0,0,0,0,120,0.0255,2450,2.3219,11,0.3076,0.4,0.0076,0,0.48,0.47,9,0,0,1,0,0.007204325
0.22,0.113,0.93,0.07,0,19.6,188000000000,50,50,1,15,5,0,0,0,0,90,0.0108,1250,2.3219,4,0.5092,0.5,0.0054,0,0,0,0,0,0,1,0,0.406946683
0.22,0.113,0.1,0.9,0,181.6,2851880000000,90,90,1,70,4,0,0,0,0,144,0.036,4050,2.3219,10,0.3957,0.5,0.0092,0,0.42,0.67,12,0,0,1,0,0.468548445
0.22,0.113,0.2,0.8,0,267.56,2733290000000,90,90,1,30,3,0,0,0,0,180,0.0218,4050,2.3219,2,0.679,0,0,1,0.39,0.62,8,0,0,1,0,0.699742254
0.22,0.113,0.93,0.07,0,25.42,251000000000,50,50,1,30,5,0,0,0,0,180,0.0155,1250,2.3219,2,0.2244,0,0,1,0.65,0.64,2,0,0,1,0,0.220533344
0.22,0.113,0.1,0.9,0,290.09,1850000000000,90,90,1,15,3,0,0,0,0,90,0.0196,4050,2.3219,4,0.7065,1,0.0024,0,0.56,0.62,12,0,0,1,0,0.617529003
1.1,0.625,0.5,0.5,0,99.64,1169480000000,70,70,1,45,4,0,0,0,0,90,0.0257,2450,2.3219,6,0.3402,0.3,0.0063,0,0.56,0.54,9,0,0,1,0,0.811581252
0.22,0.113,0.7,0.3,0,38.71,354000000000,50,50,1,30,5,0,0,0,0,120,0.0145,1250,2.3219,4,0.288,0.5,0.0071,0,0.43,0.4,4,0,0,1,0,0.710559658
0.22,0.113,0.17,0.83,0,232.56,2250000000000,70,70,1,30,3,0,0,0,0,360,0.0179,2450,2.3219,1,0.5902,0,0,1,0.34,0.73,3,0,0,1,0,0.738496291
0.22,0.113,0.38,0.62,0,93.65,719028000000,70,70,1,30,3,0,0,0,0,308.5714,0.0164,2450,2.3219,4,0.6129,0.8,0.0126,0,0.29,0.55,3,0,0,1,0,0.453897135
0.22,0.113,0.72,0.28,0,112.85,844207000000,70,70,1,70,4,0,0,0,0,72,0.0272,2450,2.3219,6,0.2714,0.5,0.0099,0,0.59,0.59,3,0,0,1,0,0.871544038
0.22,0.113,0.9,0.1,0,96.46,811000000000,70,70,1,70,5,0,0,0,0,180,0.0272,2450,2.3219,4,0.2257,0.5,0.0086,0,0.69,0.34,3,0,0,1,0,0.105847785
2,0.267,0.3,0,0.7,50,4640000000000,70,70,1,30,3,0,0,0,0,180,0.0201,2450,2.3219,2,0.519,0,0,1,0,0,0,0,0,1,0,0.028621735
0.22,0.113,0.28,0.66,0.07,87.47,1470000000000,70,70,0,0,0,1,30,2,0,98.1818,0.0287,2450,2.3219,38,0.2035,0.6,0.0138,0,0.62,0.49,3,0,0,1,0,0.716513276
0.22,0.113,0.3,0.7,0,158.11,1780000000000,50,50,1,15,3,0,0,0,0,180,0.0097,1250,2.3219,2,0.5936,0,0,1,0.62,0.57,6,0,0,1,0,0.95708445
2,0.267,0.3,0.33,0.37,293.63,5010000000000,90,90,1,45,4,0,0,0,0,135,0.0316,4050,2.3219,7,0.4705,0.6,0.0057,0,0,0,0,0,0,1,0,0.039977349
0.22,0.113,0.3,0.7,0,223.26,1740000000000,70,70,1,30,4,0,0,0,0,308.5714,0.0206,2450,2.3219,5,0.4755,0.4,0.0088,0,0,0,0,0,0,1,0,0.510424696
2,0.267,0.07,0.7,0.23,382.24,5660000000000,90,90,1,70,5,0,0,0,0,225,0.0399,4050,2.3219,12,0.282,0.4,0.0096,0,0.58,0.5,12,0,0,1,0,0.781277595
2,0.267,0.13,0,0.87,12.6,5580000000000,70,70,1,45,4,0,0,0,0,90,0.0231,2450,2.3219,4,0.4078,0.5,0.0043,0,0,0,0,0,0,1,0,0.073440066
0.22,0.113,0.33,0.67,0,134.1,1160000000000,90,90,1,70,3,0,0,0,0,216,0.0336,4050,2.3219,15,0.4567,0.7,0.0099,0,0.51,0.62,8,0,0,1,0,0.20472893
0.22,0.113,0.52,0.48,0,60.58,564000000000,50,50,1,45,3,0,0,0,0,90,0.0141,1250,2.3219,6,0.3552,0.5,0.0073,0,0.36,0.5,6,0,0,1,0,0.71458316
0.22,0.113,0.1,0.9,0,305.13,2230000000000,90,90,1,30,4,0,0,0,0,135,0.027,4050,2.3219,7,0.5681,0.4,0.0068,0,0.35,0.6,4,0,0,1,0,0.656467573
0.22,0.113,0.6,0.4,0,121.07,953867000000,90,90,1,45,5,0,0,0,0,270,0.0349,4050,2.3219,12,0.3951,0.4,0.0205,0,0.35,0.59,4,0,0,1,0,0.398930544
0.22,0.113,0.79,0.21,0,53.72,352000000000,50,50,1,15,4,0,0,0,0,180,0.01,1250,2.3219,2,0.5424,1,0.0002,0,0.58,0.55,4,0,0,1,0,0.619619265
0.22,0.113,0.2,0.8,0,364.14,4220000000000,90,90,1,15,3,0,0,0,0,360,0.0202,4050,2.3219,1,0.7131,0,0,1,0.62,0.51,12,0,0,1,0,0.209399046
0.22,0.113,0.07,0.9,0.03,668.18,4980000000000,90,90,1,45,3,0,0,0,0,320,0.0329,4050,2.3219,4,0.4947,0.8,0.0101,0,0,0,0,0,0,1,0,0.341105005
2,0.267,0.41,0.31,0.28,382.48,3810000000000,70,70,1,70,3,0,0,0,0,154.2857,0.0248,2450,2.3219,7,0.3673,0.7,0.0096,0,0,0,0,0,0,1,0,0.120154721
0.22,0.113,0.8,0.17,0.03,156.32,1513800000000,70,70,1,30,5,0,0,0,0,360,0.0208,2450,2.3219,2,0.4378,1,0.0085,0,0,0,0,0,0,1,0,0.9650898
2,0.267,0.47,0.03,0.5,349.23,3750000000000,70,70,1,30,4,0,0,0,0,120,0.0213,2450,2.3219,3,0.461,1,0.0078,0,0,0,0,0,0,1,0,0.639046326
0.22,0.113,0.5,0.5,0,141.37,1397650000000,70,50,1,45,3,0,0,0,0,216,0.0167,1750,2.3219,4,0.4454,0.8,0.0071,0,0.62,0.37,6,0,0,1,0,0.240641713
2,0.267,0.13,0.43,0.43,231.25,5150980000000,70,70,1,30,5,0,0,0,0,120,0.0228,2450,2.3219,3,0.4043,1,0.0063,0,0.48,0.57,3,0,0,1,0,0.529909794
0.22,0.113,0.5,0.47,0.03,170.25,1520000000000,70,70,1,30,4,0,0,0,0,240,0.0187,2450,2.3219,3,0.5318,0.7,0.0039,0,0,0,0,0,0,1,0,0.435547587
0.22,0.113,0.59,0.41,0,92.94,855000000000,50,50,1,30,3,0,0,0,0,360,0.0126,1250,2.3219,2,0.4388,1,0.0065,0,0.43,0.48,4,0,0,1,0,0.930118906
2,0.267,0.27,0.6,0.13,262.84,4430000000000,70,70,1,70,5,0,0,0,0,240,0.0266,2450,2.3219,4,0.2443,0.8,0.0074,0,0.58,0.56,6,0,0,1,0,0.079771753
0.22,0.113,0.9,0.1,0,29.26,282000000000,50,50,1,70,4,0,0,0,0,180,0.0151,1250,2.3219,2,0.2472,0,0,1,0.47,0.2,2,0,0,1,0,0.320760247
0.22,0.113,0.43,0.57,0,41.32,396529000000,70,70,1,15,3,0,0,0,0,360,0.0137,2450,2.3219,1,0.6859,0,0,1,0.47,0.48,9,0,0,1,0,0.329050824
1.1,0.625,0.37,0.6,0.03,167.47,1700000000000,70,70,1,45,4,0,0,0,0,360,0.0226,2450,2.3219,1,0.4316,0,0,1,0.7,0.45,6,0,0,1,0,0.164855857
1.1,0.625,0.66,0.34,0,47.77,636000000000,50,50,1,15,5,0,0,0,0,180,0.0102,1250,2.3219,2,0.5264,1,0.0023,0,0.57,0.64,4,0,0,1,0,0.163879028
0.22,0.113,0.41,0.59,0,108.86,1260000000000,90,90,1,70,5,0,0,0,0,200,0.0382,4050,2.3219,9,0.3175,0.7,0.0093,0,0,0,0,0,0,1,0,0.30683938
0.22,0.113,0.71,0.29,0,26.4,316993000000,50,50,1,70,3,0,0,0,0,180,0.0148,1250,2.3219,4,0.2964,1,0.0096,0,0.7,0.51,4,0,0,1,0,0.714574858
0.22,0.113,0.76,0.24,0,36.81,285000000000,50,50,1,70,5,0,0,0,0,180,0.0156,1250,2.3219,2,0.212,0,0,1,0.47,0.58,6,0,0,1,0,0.435059522
0.22,0.113,0.23,0.77,0,181.44,1704740000000,90,90,1,45,3,0,0,0,0,227.3684,0.0287,4050,2.3219,11,0.5577,0.5,0.0105,0,0.41,0.52,4,0,0,1,0,0.532933013
0.22,0.113,0.47,0.53,0,138.34,1303860000000,90,90,1,70,5,0,0,0,0,360,0.0368,4050,2.3219,2,0.3488,1,0.0135,0,0.59,0.57,12,0,0,1,0,0.950471858
0.22,0.113,0.21,0.79,0,282.36,2900000000000,70,70,1,15,4,0,0,0,0,360,0.0151,2450,2.3219,1,0.6476,0,0,1,0,0,0,0,0,1,0,0.515559531
1.1,0.625,0.66,0.34,0,47.77,636097000000,50,50,1,15,5,0,0,0,0,180,0.0102,1250,2.3219,2,0.5264,1,0.0023,0,0.57,0.64,4,0,0,1,0,0.137365334
1.1,0.625,0.53,0.47,0,80.37,1290000000000,70,70,1,45,4,0,0,0,0,120,0.0247,2450,2.3219,10,0.3714,0.4,0.0096,0,0,0,0,0,0,1,0,0.124721145
2,0.267,0.03,0.63,0.33,199.32,5800000000000,70,70,1,70,5,0,0,0,0,180,0.027,2450,2.3219,2,0.2349,0,0,1,0.33,0.63,6,0,0,1,0,0.311233309
2,0.267,0.17,0.83,0,269.55,3140000000000,70,70,1,45,3,0,0,0,0,200,0.0223,2450,2.3219,9,0.4498,0.6,0.0361,0,0.4,0.6,6,0,0,1,0,0.847742309
1.1,0.625,0,1,0,768.06,4820000000000,90,90,1,15,4,0,0,0,0,360,0.0234,4050,2.3219,1,0.6493,0,0,1,0.53,0.55,8,0,0,1,0,0.69842648
0.22,0.113,0.23,0.77,0,298.89,2700000000000,70,70,1,45,3,0,0,0,0,300,0.0228,2450,2.3219,10,0.4496,0.3,0.0322,0.0001,0,0,0,0,0,1,0,0.664801052
0.22,0.113,0.07,0.93,0,439.35,4500000000000,90,90,1,15,5,0,0,0,0,144,0.027,4050,2.3219,5,0.5699,0.8,0.004,0,0.58,0.53,12,0,0,1,0,0.335889786
0.22,0.113,0.67,0.33,0,27.32,374147000000,50,70,1,70,5,0,0,0,0,180,0.0195,1750,2.3219,2,0.2586,1,0.0004,0,0.35,0.57,6,0,0,1,0,0.568175724
0.22,0.113,0.13,0.87,0,502.12,4070000000000,90,90,1,30,3,0,0,0,0,240,0.0258,4050,2.3219,5,0.6016,0.6,0.0074,0,0.6,0.57,4,0,0,1,0,0.034751696
0.22,0.113,0.4,0.6,0,68.84,822000000000,70,70,0,0,0,1,30,2,0,183.0508,0.0287,2450,2.3219,37,0.1973,0.5,0.0146,0,0.46,0.58,9,0,0,1,0,0.876849336
0.22,0.113,0.72,0.28,0,112.85,844000000000,70,70,1,70,4,0,0,0,0,72,0.0272,2450,2.3219,6,0.2714,0.5,0.0099,0,0.59,0.59,3,0,0,1,0,0.034693018
0.22,0.113,0.3,0.7,0,180.52,1430000000000,70,70,1,45,3,0,0,0,0,120,0.0205,2450,2.3219,5,0.5098,0.6,0.0096,0,0.73,0.56,6,0,0,1,0,0.864252569
0.22,0.113,0.62,0.38,0,109.43,1109910000000,50,50,1,70,4,0,0,0,0,90,0.0157,1250,2.3219,4,0.222,1,0.0059,0,0.23,0.39,4,0,0,1,0,0.597339986
1.1,0.625,0.33,0.63,0.03,246.3,3233610000000,70,50,0,0,0,1,30,4,0,150,0.0155,1750,2.3219,10,0.4889,0.6,0.061,0.0001,0.29,0.67,4,0,0,1,0,0.41496591
0.22,0.113,0.62,0.38,0,98.56,905000000000,70,70,1,45,5,0,0,0,0,240,0.0266,2450,2.3219,5,0.2588,0.8,0.0063,0,0.63,0.4,6,0,0,1,0,0.180535744
2,0.267,0.4,0.57,0.03,276.22,2830000000000,90,90,1,15,4,0,0,0,0,120,0.0239,4050,2.3219,4,0.6312,0.5,0.004,0,0.34,0.61,4,0,0,1,0,0.738522643
0.22,0.113,0.17,0.83,0,331.19,2930000000000,90,90,1,70,3,0,0,0,0,278.7097,0.0338,4050,2.3219,12,0.4565,0.5,0.0109,0,0.73,0.65,4,0,0,1,0,0.12989444
0.22,0.113,0.17,0.83,0,306.04,2080000000000,90,90,1,45,3,0,0,0,0,360,0.0276,4050,2.3219,6,0.5807,0.5,0.0217,0,0.63,0.64,12,0,0,1,0,0.41598931
0.22,0.113,0.47,0.53,0,204.09,1420000000000,90,90,1,70,4,0,0,0,0,252,0.036,4050,2.3219,14,0.3922,0.6,0.0166,0,0.56,0.47,8,0,0,1,0,0.892520896
0.22,0.113,0.43,0.57,0,184.44,1570000000000,90,90,1,70,5,0,0,0,0,274.2857,0.0398,4050,2.3219,10,0.2931,0.4,0.0112,0,0,0,0,0,0,1,0,0.827904248
0.22,0.113,0.13,0.87,0,261.69,2861850000000,70,70,1,15,3,0,0,0,0,240,0.0133,2450,2.3219,4,0.6982,1,0.0098,0,0.48,0.58,6,0,0,1,0,0.396115692
0.22,0.113,1,0,0,38.15,496000000000,70,70,0,0,0,1,0,2,0,180,0.0295,2450,2.3219,2,0.0563,0,0,1,0,0,0,0,0,1,0,0.532951357
0.22,0.113,0.13,0.87,0,502.12,4071050000000,90,90,1,30,3,0,0,0,0,240,0.0258,4050,2.3219,5,0.6016,0.6,0.0074,0,0.6,0.57,4,0,0,1,0,0.568037471
1.1,0.625,0.69,0.31,0,102.09,1160000000000,70,70,1,70,4,0,0,0,0,240,0.0251,2450,2.3219,7,0.3271,0.7,0.0096,0,0.57,0.32,3,0,0,1,0,0.995844124
0.22,0.113,0.67,0.33,0,42.53,457130000000,50,50,1,45,3,0,0,0,0,180,0.0145,1250,2.3219,2,0.3424,0,0,1,0.63,0.53,4,0,0,1,0,0.791968096
2,0.267,0.07,0.7,0.23,382.24,5664840000000,90,90,1,70,5,0,0,0,0,225,0.0399,4050,2.3219,12,0.282,0.4,0.0096,0,0.58,0.5,12,0,0,1,0,0.04336687
0.22,0.113,0.48,0.52,0,128.23,1510000000000,50,50,0,0,0,1,10,4,0,240,0.0137,1250,2.3219,4,0.3572,0.8,0.2914,0.0122,0.26,0.4,4,0,0,1,0,0.55982661
1.1,0.625,0.37,0.63,0,92.82,1210000000000,70,70,1,30,4,0,0,0,0,90,0.0229,2450,2.3219,4,0.409,0.5,0.0044,0,0.32,0.51,6,0,0,1,0,0.727144074
0.22,0.113,0.43,0.57,0,228.85,1930000000000,90,90,1,70,4,0,0,0,0,308.5714,0.037,4050,2.3219,5,0.359,0.6,0.0081,0,0.62,0.53,4,0,0,1,0,0.50434719
0.22,0.113,1,0,0,1.47,13100000011,50,50,0,0,0,1,40,4,0,240,0.0083,1250,2.3219,5,0.6696,0.6,0.0105,0,0,0,0,0,0,1,0,0.698080036
1.1,0.625,0.17,0.83,0,218.2,2360000000000,70,70,1,15,4,0,0,0,0,180,0.0178,2450,2.3219,2,0.5696,1,0.0001,0,0.5,0.6,6,0,0,1,0,0.571893151
0.22,0.113,0.83,0.17,0,50.64,454152000000,50,50,1,70,5,0,0,0,0,180,0.0151,1250,2.3219,2,0.2364,0,0,1,0.61,0.81,2,0,0,1,0,0.560822449
2,0.267,0.27,0.67,0.07,434.24,4170000000000,90,90,1,45,4,0,0,0,0,240,0.0347,4050,2.3219,9,0.4242,0.4,0.0091,0,0.38,0.59,8,0,0,1,0,0.980906259
1.1,0.625,0.43,0.57,0,151.76,1240000000000,90,90,1,45,5,0,0,0,0,266.6667,0.0375,4050,2.3219,12,0.3383,0.3,0.0118,0,0.62,0.51,12,0,0,1,0,0.248711678
1.1,0.625,0.7,0.3,0,34.85,487227000000,70,70,0,0,0,1,0,2,0,180,0.0295,2450,2.3219,2,0.0563,0,0,1,0.55,0.38,6,0,0,1,0,0.951011262
0.22,0.113,0.7,0.3,0,106.63,833107000000,90,90,1,70,5,0,0,0,0,333.3333,0.0401,4050,2.3219,7,0.2863,0.6,0.012,0,0,0,0,0,0,1,0,0.768246474
0.22,0.113,0.36,0.64,0,332.91,1720000000000,70,70,1,30,4,0,0,0,0,240,0.0204,2450,2.3219,5,0.4778,0.6,0.0154,0,0,0,0,0,0,1,0,0.653285073
0.22,0.113,0.37,0.63,0,110.26,1080000000000,50,50,0,0,0,1,20,2,0,137.1429,0.0157,1250,2.3219,13,0.2408,0.5,0.0122,0,0.27,0.74,4,0,0,1,0,0.342389847
1.1,0.625,0.43,0.57,0,76,1425800000000,70,70,1,15,5,0,0,0,0,180,0.0174,2450,2.3219,2,0.5753,0,0,1,0.58,0.54,6,0,0,1,0,0.040768163
0.22,0.113,0.33,0.67,0,203.21,2410000000000,90,90,1,70,5,0,0,0,0,300,0.0382,4050,2.3219,4,0.2996,0.8,0.0093,0,0.66,0.51,8,0,0,1,0,0.403140852
1.1,0.625,0.8,0.2,0,21.72,321507000000,50,70,0,0,0,1,20,4,0,144,0.0174,1750,2.3219,5,0.3894,0.4,0.0109,0,0.51,0.51,2,0,0,1,0,0.18011483
0.22,0.113,0.03,0.93,0.03,350.92,3540000000000,90,90,0,0,0,1,20,6,0,231.4286,0.036,4050,2.3219,11,0.3707,0.5,0.0109,0,0.51,0.57,12,0,0,1,0,0.259638714
0.22,0.113,0.63,0.37,0,50.75,522467000000,70,70,1,70,4,0,0,0,0,294.5455,0.0267,2450,2.3219,6,0.2676,0.5,0.0104,0,0.67,0.54,3,0,0,1,0,0.455058381
0.22,0.113,0.21,0.79,0,282.36,2902340000000,70,70,1,15,4,0,0,0,0,360,0.0151,2450,2.3219,1,0.6476,0,0,1,0,0,0,0,0,1,0,0.295715433
0.22,0.113,0.33,0.67,0,165.99,1324440000000,70,70,1,15,5,0,0,0,0,90,0.0202,2450,2.3219,4,0.4851,0.5,0.0037,0,0.6,0.54,9,0,0,1,0,0.802540541
0.22,0.113,0.86,0.14,0,82.68,702000000000,70,70,1,15,5,0,0,0,0,180,0.017,2450,2.3219,2,0.5641,0,0,1,0,0,0,0,0,1,0,0.864087489
0.22,0.113,0.3,0.7,0,278.64,2117950000000,90,90,1,45,3,0,0,0,0,276.9231,0.0274,4050,2.3219,7,0.5701,0.6,0.0144,0,0.61,0.52,8,0,0,1,0,0.324557614
2,0.267,1,0,0,24.37,171000000000,50,50,1,45,3,0,0,0,0,180,0.0134,1250,2.3219,6,0.3768,0.3,0.0059,0,0.78,0.53,4,0,0,1,0,0.298027713
0.22,0.113,0.97,0.03,0,41.53,303000000000,50,50,1,70,4,0,0,0,0,180,0.0151,1250,2.3219,2,0.2492,1,0.0005,0,0.46,0.37,4,0,0,1,0,0.153256111
2,0.267,0.2,0.77,0.03,451.13,4790000000000,90,90,1,45,4,0,0,0,0,254.1176,0.0325,4050,2.3219,10,0.4705,0.8,0.0109,0,0.46,0.37,8,0,0,1,0,0.337352702
0.22,0.113,0.07,0.93,0,590.79,4510000000000,90,90,1,45,3,0,0,0,0,254.1176,0.0289,4050,2.3219,7,0.5548,0.4,0.0137,0,0.61,0.35,8,0,0,1,0,0.093912508
2,0.267,0.37,0.5,0.13,212.23,3340000000000,70,70,1,30,5,0,0,0,0,360,0.0218,2450,2.3219,1,0.4241,0,0,1,0.56,0.49,9,0,0,1,0,0.472114986
0.22,0.113,0.61,0.39,0,22.48,172000000000,50,50,1,15,3,0,0,0,0,180,0.0098,1250,2.3219,3,0.5668,1,0.0054,0,0.72,0.62,4,0,0,1,0,0.873438568
0.22,0.113,0.2,0.8,0,343.26,2517880000000,90,90,1,45,5,0,0,0,0,154.2857,0.034,4050,2.3219,7,0.4179,0.4,0.0097,0,0.57,0.56,8,0,0,1,0,0.044830893
0.22,0.113,0.3,0.7,0,147.43,1475420000000,90,90,1,70,4,0,0,0,0,240,0.0382,4050,2.3219,12,0.3425,0.3,0.0107,0,0.63,0.64,8,0,0,1,0,0.972672239
0.22,0.113,0.57,0.43,0,123.44,1100000000000,70,70,1,70,4,0,0,0,0,120,0.025,2450,2.3219,3,0.3365,0.7,0.0044,0,0,0,0,0,0,1,0,0.360642736
2,0.267,0.47,0.2,0.33,108.59,3335400000000,50,90,1,70,3,0,0,0,0,240,0.0216,2250,2.3219,9,0.4113,0.7,0.0129,0,0,0,0,0,0,1,0,0.081233548
0.22,0.113,0.5,0.5,0,88.71,881000000000,90,90,0,0,0,1,20,2,0,213.5593,0.0455,4050,2.3219,31,0.1053,0.4,0.0128,0,0.47,0.62,12,0,0,1,0,0.116298892
0.22,0.113,0.43,0.57,0,111.2,1100000000000,70,70,1,30,5,0,0,0,0,180,0.0203,2450,2.3219,6,0.4743,0.3,0.0074,0,0,0,0,0,0,1,0,0.015750346
0.22,0.113,0.28,0.72,0,211.44,1970000000000,70,70,0,0,0,1,40,2,0,144,0.0284,2450,2.3219,39,0.2392,0.3,0.0148,0,0.67,0.5,6,0,0,1,0,0.445537675
0.22,0.113,0.59,0.41,0,90.34,871234000000,70,70,1,45,4,0,0,0,0,360,0.0233,2450,2.3219,2,0.3929,1,0.0098,0,0.52,0.67,6,0,0,1,0,0.605648453
0.22,0.113,0.18,0.82,0,300.27,2320000000000,90,90,0,0,0,1,20,6,0,307.3171,0.0356,4050,2.3219,11,0.3827,0.5,0.0152,0,0.37,0.55,4,0,0,1,0,0.059607627
0.22,0.113,0.23,0.77,0,190.52,1580000000000,70,70,1,15,5,0,0,0,0,180,0.0197,2450,2.3219,4,0.5037,1,0.0091,0,0.57,0.55,3,0,0,1,0,0.255369034
0.22,0.113,0.4,0.6,0,292.64,2660000000000,90,90,1,15,4,0,0,0,0,360,0.0206,4050,2.3219,1,0.6901,0,0,1,0,0,0,0,0,1,0,0.57266785
0.22,0.113,0.57,0.43,0,137.33,1370000000000,90,90,0,0,0,1,20,4,0,209.0323,0.0416,4050,2.3219,18,0.2207,0.4,0.0124,0,0.6,0.49,4,0,0,1,0,0.07825288
2,0.267,0.13,0.27,0.6,250.44,5280310000000,90,90,0,0,0,1,20,6,0,290.3226,0.0351,4050,2.3219,11,0.3978,0.5,0.0122,0,0,0,0,0,0,1,0,0.488168758
0.22,0.113,0.31,0.69,0,128.07,1520000000000,70,70,1,70,3,0,0,0,0,130.9091,0.0257,2450,2.3219,13,0.3637,0.7,0.0123,0,0.61,0.52,6,0,0,1,0,0.487900984
0.22,0.113,0.93,0.07,0,30.44,308000000000,50,50,0,0,0,1,0,2,0,180,0.0163,1250,2.3219,2,0.0784,1,0.0004,0,0.47,0.63,2,0,0,1,0,0.703805105
2,0.267,0.3,0,0.7,50,4644330000000,70,70,1,30,3,0,0,0,0,180,0.0201,2450,2.3219,2,0.519,0,0,1,0,0,0,0,0,1,0,0.90240403
0.22,0.113,0.33,0.67,0,255.15,2192070000000,70,70,1,30,4,0,0,0,0,180,0.0226,2450,2.3219,5,0.4292,0.4,0.0073,0,0.59,0.6,6,0,0,1,0,0.078009981
0.22,0.113,0.23,0.77,0,195.23,1760000000000,70,70,0,0,0,1,40,2,0,243.871,0.0283,2450,2.3219,37,0.2386,0.6,0.4829,0.0099,0.73,0.55,3,0,0,1,0,0.748452178
2,0.267,0.13,0.67,0.2,272.7,5089650000000,90,90,1,70,3,0,0,0,0,144,0.0307,4050,2.3219,7,0.5186,0.9,0.0088,0,0.56,0.54,12,0,0,1,0,0.012042764
1.1,0.625,0.62,0.38,0,28.78,405000000000,50,50,1,45,3,0,0,0,0,180,0.0141,1250,2.3219,4,0.348,0.5,0.0066,0,0.62,0.59,4,0,0,1,0,0.126100773
2,0.267,0.37,0.53,0.1,126.07,3140000000000,70,70,1,30,4,0,0,0,0,360,0.0213,2450,2.3219,1,0.4508,0,0,1,0.47,0.39,6,0,0,1,0,0.04338607
0.22,0.113,0.55,0.45,0,44.13,495000000000,50,50,1,45,4,0,0,0,0,90,0.0152,1250,2.3219,7,0.2844,0.7,0.008,0,0.76,0.62,2,0,0,1,0,0.671687514
0.22,0.113,0.33,0.67,0,255.15,2190000000000,70,70,1,30,4,0,0,0,0,180,0.0226,2450,2.3219,5,0.4292,0.4,0.0073,0,0.59,0.6,6,0,0,1,0,0.537608419
1.1,0.625,0.13,0,0.87,16.08,5580000000000,90,90,1,15,4,0,0,0,0,360,0.0226,4050,2.3219,1,0.661,0,0,1,0,0,0,0,0,1,0,0.670130303
0.22,0.113,0.43,0.57,0,71.53,801000000000,70,70,1,70,4,0,0,0,0,180,0.0247,2450,2.3219,10,0.3441,0.2,0.0102,0,0.63,0.73,3,0,0,1,0,0.181628797
0.22,0.113,0.41,0.59,0,252.55,1900000000000,90,90,1,45,5,0,0,0,0,341.0526,0.0365,4050,2.3219,7,0.3585,0.6,0.0195,0,0.4,0.46,12,0,0,1,0,0.367727554
0.22,0.113,0.5,0.5,0,84.13,710000000000,50,50,1,45,3,0,0,0,0,135,0.0137,1250,2.3219,6,0.3584,0.7,0.0081,0,0.5,0.59,4,0,0,1,0,0.104152458
0.22,0.113,0.62,0.38,0,109.43,1110000000000,50,50,1,70,4,0,0,0,0,90,0.0157,1250,2.3219,4,0.222,1,0.0059,0,0.23,0.39,4,0,0,1,0,0.299503725
1.1,0.625,0.57,0.43,0,24.54,326000000000,50,50,1,30,3,0,0,0,0,180,0.0118,1250,2.3219,3,0.4736,0.7,0.0052,0,0.63,0.4,6,0,0,1,0,0.788797199
0.22,0.113,0.57,0.43,0,167.09,1651100000000,70,70,1,30,5,0,0,0,0,360,0.022,2450,2.3219,1,0.4331,0,0,1,0.42,0.66,3,0,0,1,0,0.691125504
0.22,0.113,0.37,0.63,0,53.97,551000000000,50,50,0,0,0,1,20,6,0,332.3077,0.0078,1250,2.3219,5,0.7128,0.4,0.0511,0.0001,0.69,0.55,6,0,0,1,0,0.659539628
0.22,0.113,0.79,0.21,0,53.87,412000000000,70,70,1,70,4,0,0,0,0,270,0.0245,2450,2.3219,9,0.3449,0.6,0.0126,0,0,0,0,0,0,1,0,0.472251489
2,0.267,0.23,0.77,0,288.56,2780000000000,90,90,1,15,4,0,0,0,0,240,0.0169,4050,2.3219,4,0.7519,0.5,0.0063,0,0.56,0.73,12,0,0,1,0,0.184384221
0.22,0.113,0.33,0.67,0,262.94,1690000000000,90,90,1,70,4,0,0,0,0,284.2105,0.0352,4050,2.3219,10,0.3943,0.4,0.0097,0,0.46,0.44,8,0,0,1,0,0.574286991
1.1,0.625,0.3,0.67,0.03,113.15,3340000000000,70,70,1,45,3,0,0,0,0,257.1429,0.0215,2450,2.3219,8,0.4627,0.5,0.0113,0,0.54,0.43,3,0,0,1,0,0.423827133
1.1,0.625,0.86,0.1,0.03,31.19,599000000000,70,70,1,45,5,0,0,0,0,120,0.0244,2450,2.3219,5,0.3533,0.8,0.0035,0,0,0,0,0,0,1,0,0.36397534
2,0.267,0.2,0.77,0.03,341.48,3690000000000,90,90,1,30,4,0,0,0,0,288,0.0285,4050,2.3219,7,0.5519,0.3,0.0131,0,0.48,0.66,8,0,0,1,0,0.109379126
0.22,0.113,0.27,0.73,0,132.6,1230000000000,90,90,1,70,4,0,0,0,0,270,0.0374,4050,2.3219,10,0.3468,0.7,0.0102,0,0.39,0.62,8,0,0,1,0,0.776108827
1.1,0.625,0.23,0.77,0,153.45,1760000000000,90,90,1,30,4,0,0,0,0,360,0.0268,4050,2.3219,1,0.581,0,0,1,0.55,0.62,12,0,0,1,0,0.720399286
0.22,0.113,0.72,0.28,0,66.34,405683000000,50,50,1,70,4,0,0,0,0,360,0.0154,1250,2.3219,1,0.2288,0,0,1,0.51,0.68,6,0,0,1,0,0.423807548
0.22,0.113,0.6,0.4,0,118.91,951823000000,90,90,1,15,3,0,0,0,0,180,0.0168,4050,2.3219,2,0.7678,0,0,1,0,0,0,0,0,1,0,0.312652516
2,0.267,0.45,0.48,0.07,58.54,2719110000000,50,50,1,30,3,0,0,0,0,90,0.0114,1250,2.3219,4,0.506,1,0.0033,0,0.71,0.77,2,0,0,1,0,0.292744576
0.22,0.113,0.1,0.9,0,512.31,4580000000000,90,90,1,70,4,0,0,0,0,163.6364,0.0359,4050,2.3219,10,0.3801,0.6,0.0109,0,0.58,0.46,12,0,0,1,0,0.760933379
0.22,0.113,0.47,0.53,0,50.05,683000000000,50,50,0,0,0,1,10,2,0,180,0.016,1250,2.3219,8,0.1684,0.5,0.0092,0,0.55,0.49,2,0,0,1,0,0.513614025
0.22,0.113,0.87,0.13,0,49.55,683000000000,90,90,0,0,0,1,0,4,0,180,0.0454,4050,2.3219,2,0.044,0,0,1,0.79,0.51,8,0,0,1,0,0.110426857
0.22,0.113,0.28,0.72,0,323.71,2370000000000,70,70,1,15,4,0,0,0,0,360,0.0157,2450,2.3219,1,0.6273,0,0,1,0.58,0.29,3,0,0,1,0,0.546500211
2,0.267,0.27,0.7,0.03,214.69,4092790000000,90,90,1,30,4,0,0,0,0,360,0.0261,4050,2.3219,2,0.5863,1,0.0064,0,0.58,0.66,8,0,0,1,0,0.789781538
0.22,0.113,0.47,0.53,0,138.34,1300000000000,90,90,1,70,5,0,0,0,0,360,0.0368,4050,2.3219,2,0.3488,1,0.0135,0,0.59,0.57,12,0,0,1,0,0.482041377
2,0.267,0.47,0,0.53,47.54,3930000000000,50,50,1,30,3,0,0,0,0,360,0.0122,1250,2.3219,2,0.4564,1,0.0116,0,0,0,0,0,0,1,0,0.912934284
2,0.267,0.59,0.41,0,75.45,819000000000,50,50,1,30,3,0,0,0,0,120,0.0129,1250,2.3219,7,0.394,0.3,0.0071,0,0.59,0.6,6,0,0,1,0,0.625516439
0.22,0.113,0.27,0.73,0,367.27,3040000000000,90,90,1,30,3,0,0,0,0,240,0.0257,4050,2.3219,3,0.6152,1,0.0045,0,0,0,0,0,0,1,0,0.823019869
0.22,0.113,0.83,0.17,0,30.64,350830000000,70,50,1,70,5,0,0,0,0,90,0.021,1750,2.3219,4,0.1977,0.5,0.0044,0,0.55,0.46,2,0,0,1,0,0.660987672
0.22,0.113,0.28,0.72,0,335.42,2930000000000,90,90,1,45,5,0,0,0,0,308.5714,0.0319,4050,2.3219,6,0.4546,0.5,0.0257,0,0.51,0.56,12,0,0,1,0,0.109389723
0.22,0.113,0.17,0.83,0,248.71,2506630000000,90,90,1,15,4,0,0,0,0,360,0.0232,4050,2.3219,1,0.6483,0,0,1,0.73,0.55,8,0,0,1,0,0.235329588
0.22,0.113,0.4,0.57,0.03,427.23,2830000000000,90,90,1,15,5,0,0,0,0,360,0.0217,4050,2.3219,1,0.6599,0,0,1,0,0,0,0,0,1,0,0.697330396
0.22,0.113,0.3,0.7,0,228.67,2140000000000,70,70,1,45,3,0,0,0,0,120,0.0228,2450,2.3219,7,0.4349,0.6,0.0066,0,0.55,0.42,6,0,0,1,0,0.674542157
0.22,0.113,0.41,0.59,0,184.1,1480000000000,70,70,1,45,3,0,0,0,0,120,0.0204,2450,2.3219,6,0.5165,0.3,0.0068,0,0.38,0.44,3,0,0,1,0,0.323704485
0.22,0.113,0.87,0.13,0,40.94,502517000000,90,50,0,0,0,1,0,6,0,180,0.0273,2250,2.3219,2,0.0613,0,0,1,0.61,0.56,6,0,0,1,0,0.388129912
2,0.267,0.45,0.48,0.07,58.54,2720000000000,50,50,1,30,3,0,0,0,0,90,0.0114,1250,2.3219,4,0.506,1,0.0033,0,0.71,0.77,2,0,0,1,0,0.198483498
2,0.267,0.3,0.57,0.13,243.34,4460000000000,70,70,1,70,3,0,0,0,0,216,0.0242,2450,2.3219,7,0.3912,0.4,0.0068,0,0.54,0.42,9,0,0,1,0,0.795493962
2,0.267,0.3,0.63,0.07,361.42,3560000000000,90,90,1,45,4,0,0,0,0,360,0.0313,4050,2.3219,3,0.4981,0.7,0.0221,0,0.49,0.48,12,0,0,1,0,0.775272442
2,0.267,0.3,0.67,0.03,418.38,3100000000000,70,70,1,15,5,0,0,0,0,120,0.0193,2450,2.3219,4,0.5108,1,0.0083,0,0.53,0.62,6,0,0,1,0,0.442922761
0.22,0.113,0.4,0.6,0,159.7,1290000000000,90,90,0,0,0,1,30,2,0,200,0.0453,4050,2.3219,45,0.1305,0.5,0.0142,0,0.66,0.59,12,0,0,1,0,0.864086711
0.22,0.113,0.43,0.57,0,146.96,1270000000000,90,90,1,15,3,0,0,0,0,120,0.0168,4050,2.3219,3,0.7569,1,0.0063,0,0.68,0.88,4,0,0,1,0,0.022525809
1.1,0.625,0.38,0.62,0,197.92,2080000000000,90,90,1,15,4,0,0,0,0,180,0.0229,4050,2.3219,3,0.6621,0.7,0.0039,0,0.38,0.61,4,0,0,1,0,0.023891363
0.22,0.113,0.39,0.61,0,87.12,1530000000000,70,70,1,30,4,0,0,0,0,144,0.0225,2450,2.3219,5,0.4271,0.4,0.0076,0,0.73,0.45,6,0,0,1,0,0.39950241
2,0.267,0.45,0.48,0.07,120.54,2440000000000,50,50,1,70,3,0,0,0,0,288,0.0142,1250,2.3219,4,0.3264,0.8,0.0086,0,0.43,0.55,2,0,0,1,0,0.606919186
0.22,0.113,0.74,0.26,0,30.13,221000000000,50,50,1,15,4,0,0,0,0,360,0.0117,1250,2.3219,1,0.4748,0,0,1,0.54,0.52,4,0,0,1,0,0.916965375
0.22,0.113,0.34,0.66,0,203.94,1880000000000,90,90,1,45,5,0,0,0,0,163.6364,0.034,4050,2.3219,8,0.4186,0.5,0.0099,0,0.6,0.49,4,0,0,1,0,0.58678586
0.22,0.113,0.48,0.52,0,147.07,1500000000000,90,90,1,30,3,0,0,0,0,180,0.023,4050,2.3219,2,0.6643,0,0,1,0,0,0,0,0,1,0,0.728217834
0.22,0.113,1,0,0,33.3,245000000000,50,50,1,45,4,0,0,0,0,180,0.0147,1250,2.3219,2,0.284,0,0,1,0,0,0,0,0,1,0,0.492819618
0.22,0.113,0.31,0.69,0,232.87,1880310000000,70,70,1,45,3,0,0,0,0,240,0.0219,2450,2.3219,7,0.4714,0.7,0.0095,0,0.66,0.61,6,0,0,1,0,0.059288695
2,0.267,0.31,0.55,0.14,217.79,4090000000000,50,50,1,30,4,0,0,0,0,180,0.0128,1250,2.3219,2,0.384,0,0,1,0.29,0.58,4,0,0,1,0,0.698074073
1.1,0.625,0.5,0.18,0.32,73.91,2903790000000,90,90,1,30,3,0,0,0,0,300,0.0267,4050,2.3219,7,0.5937,0.6,0.0108,0,0,0,0,0,0,1,0,0.311364907
0.22,0.113,0.59,0.41,0,92.94,855003000000,50,50,1,30,3,0,0,0,0,360,0.0126,1250,2.3219,2,0.4388,1,0.0065,0,0.43,0.48,4,0,0,1,0,0.58377549
2,0.267,0.48,0.45,0.07,163.46,2200000000000,50,50,1,30,4,0,0,0,0,180,0.0129,1250,2.3219,5,0.4076,0.4,0.0105,0,0.55,0.56,4,0,0,1,0,0.418074656
1.1,0.625,0.3,0.6,0.1,101.05,1502470000000,90,90,1,70,4,0,0,0,0,180,0.0332,4050,2.3219,5,0.4547,0.8,0.0107,0,0.43,0.66,4,0,0,1,0,0.817297803
0.22,0.113,0.23,0.73,0.03,154.16,2009430000000,70,70,1,30,3,0,0,0,0,180,0.0176,2450,2.3219,2,0.5865,0,0,1,0,0,0,0,0,1,0,0.167067205
0.22,0.113,0.69,0.31,0,98.28,1110000000000,50,50,1,45,3,0,0,0,0,135,0.0143,1250,2.3219,7,0.356,0.6,0.011,0,0,0,0,0,0,1,0,0.490622508
0.22,0.113,0,1,0,609.31,4320000000000,90,90,1,45,3,0,0,0,0,150,0.0313,4050,2.3219,10,0.5156,0.4,0.0094,0,0.71,0.73,4,0,0,1,0,0.594873011
0.22,0.113,0.43,0.57,0,146.96,1266030000000,90,90,1,15,3,0,0,0,0,120,0.0168,4050,2.3219,3,0.7569,1,0.0063,0,0.68,0.88,4,0,0,1,0,0.708878675
0.22,0.113,0.1,0.9,0,722.48,4430000000000,70,70,0,0,0,1,30,4,0,240,0.0225,2450,2.3219,5,0.4433,0.6,0.0126,0,0.7,0.52,6,0,0,1,0,0.014878884
0.22,0.113,0.23,0.77,0,118.66,977000000000,70,70,1,45,4,0,0,0,0,249.2308,0.0239,2450,2.3219,9,0.398,0.2,0.0093,0,0.54,0.56,3,0,0,1,0,0.612789834
2,0.267,0.1,0.63,0.27,163.67,5049050000000,90,90,0,0,0,1,40,4,0,221.5385,0.0373,4050,2.3219,24,0.3702,0.5,0.0145,0,0.43,0.55,4,0,0,1,0,0.182105133
2,0.267,0.03,0.7,0.27,17.45,5810000000000,90,90,1,30,3,0,0,0,0,154.2857,0.0244,4050,2.3219,7,0.6316,0.6,0.0062,0,0.52,0.4,8,0,0,1,0,0.331902389
2,0.267,0.43,0.57,0,215.81,1310000000000,50,50,1,30,3,0,0,0,0,180,0.0137,1250,2.3219,4,0.3956,0.5,0.0086,0,0.56,0.65,6,0,0,1,0,0.518642614
1.1,0.625,0.17,0.83,0,173.25,3170000000000,90,90,1,70,5,0,0,0,0,180,0.0403,4050,2.3219,9,0.274,0.4,0.0129,0,0.59,0.71,12,0,0,1,0,0.57251285
0.22,0.113,0.1,0.9,0,338.96,3280000000000,90,90,1,70,3,0,0,0,0,216,0.0305,4050,2.3219,5,0.5281,0.4,0.0073,0,0.52,0.53,8,0,0,1,0,0.809098183
0.22,0.113,0.4,0.6,0,292.64,2664890000000,90,90,1,15,4,0,0,0,0,360,0.0206,4050,2.3219,1,0.6901,0,0,1,0,0,0,0,0,1,0,0.418987776
2,0.267,0.43,0.4,0.17,153.66,3210000000000,50,50,1,30,4,0,0,0,0,90,0.0152,1250,2.3219,5,0.25,0.6,0.0085,0,0.61,0.78,2,0,0,1,0,0.624546778
0.22,0.113,0.53,0.47,0,191.2,1346800000000,90,50,1,45,4,0,0,0,0,240,0.024,2250,2.3219,7,0.3078,0.6,0.0069,0,0.55,0.51,6,0,0,1,0,0.853252739
0.22,0.113,0.9,0.1,0,84.41,825837000000,70,70,1,15,5,0,0,0,0,180,0.0155,2450,2.3219,2,0.6251,0,0,1,0,0,0,0,0,1,0,0.877953857
0.22,0.113,0.1,0.9,0,181.6,2850000000000,90,90,1,70,4,0,0,0,0,144,0.036,4050,2.3219,10,0.3957,0.5,0.0092,0,0.42,0.67,12,0,0,1,0,0.435727971
0.22,0.113,0.23,0.77,0,314.72,2442750000000,90,90,1,30,3,0,0,0,0,180,0.0249,4050,2.3219,4,0.639,1,0.0088,0,0.51,0.57,12,0,0,1,0,0.316583744
1.1,0.625,0.4,0.6,0,120.2,1430000000000,90,90,1,45,5,0,0,0,0,240,0.0357,4050,2.3219,3,0.403,1,0.0066,0,0.72,0.59,4,0,0,1,0,0.870562072
0.22,0.113,0.23,0.77,0,314.72,2440000000000,90,90,1,30,3,0,0,0,0,180,0.0249,4050,2.3219,4,0.639,1,0.0088,0,0.51,0.57,12,0,0,1,0,0.292178106
2,0.267,0.03,0,0.97,13.24,5990000000000,70,70,1,45,4,0,0,0,0,308.5714,0.026,2450,2.3219,4,0.3284,0.2,0.0123,0,0,0,0,0,0,1,0,0.334583969
0.22,0.113,0.67,0.33,0,85.68,808000000000,70,70,0,0,0,1,20,2,0,90,0.0292,2450,2.3219,21,0.1469,0.6,0.0135,0,0.6,0.44,9,0,0,1,0,0.012038555
1.1,0.625,0.29,0.71,0,4.53,28038095266,70,50,1,15,3,0,0,0,0,360,0.0122,1750,2.3219,1,0.6137,0,0,1,0.5,0.59,4,0,0,1,0,0.292971338
2,0.267,0.62,0.31,0.07,107.86,2790000000000,50,50,1,30,5,0,0,0,0,180,0.0143,1250,2.3219,2,0.308,0,0,1,0.47,0.52,4,0,0,1,0,0.702948175
2,0.267,0.1,0.8,0.1,354.82,4520000000000,70,70,1,45,5,0,0,0,0,216,0.0249,2450,2.3219,9,0.3024,0.4,0.0095,0,0.58,0.49,9,0,0,1,0,0.791967673
0.22,0.113,0.93,0.07,0,18.9,295000000000,50,50,1,70,3,0,0,0,0,196.3636,0.0155,1250,2.3219,8,0.2344,0.5,0.0116,0,0,0,0,0,0,1,0,0.179154987
2,0.267,0.2,0.6,0.2,273.5,5061130000000,90,90,1,45,4,0,0,0,0,180,0.0341,4050,2.3219,9,0.4343,0.3,0.0109,0,0.69,0.61,8,0,0,1,0,0.502950515
0.22,0.113,0.76,0.24,0,53.41,632524000000,50,50,1,30,3,0,0,0,0,360,0.0119,1250,2.3219,1,0.4868,0,0,1,0,0,0,0,0,1,0,0.097632171
2,0.267,0.17,0.63,0.2,350.32,4619050000000,50,50,1,30,5,0,0,0,0,240,0.0148,1250,2.3219,3,0.2732,0,0.0053,0,0.59,0.69,4,0,0,1,0,0.48888953
0.22,0.113,0.03,0.33,0.63,12.33,5980000000000,70,70,1,30,4,0,0,0,0,332.3077,0.0228,2450,2.3219,4,0.4039,0.8,0.0116,0,0.73,0.3,3,0,0,1,0,0.213661614
2,0.267,0.8,0.2,0,12.42,105000000000,50,50,1,15,3,0,0,0,0,90,0.0111,1250,2.3219,4,0.5276,0.5,0.0056,0,0.53,0.56,2,0,0,1,0,0.691120268
0.22,0.113,0.17,0.83,0,243.73,2790000000000,90,90,0,0,0,1,30,4,0,105,0.0396,4050,2.3219,21,0.2972,0.5,0.0137,0,0,0,0,0,0,1,0,0.843430194
0.22,0.113,0.27,0.73,0,254.97,2210000000000,90,90,1,70,4,0,0,0,0,180,0.0378,4050,2.3219,9,0.353,0.6,0.0112,0,0.52,0.54,12,0,0,1,0,0.419379281
0.22,0.113,0.34,0.66,0,296.04,2099570000000,90,90,1,30,5,0,0,0,0,180,0.0338,4050,2.3219,6,0.43,0.3,0.0077,0,0.65,0.68,8,0,0,1,0,0.407670559
0.22,0.113,0.2,0.8,0,310.8,2390000000000,70,70,1,15,3,0,0,0,0,180,0.0141,2450,2.3219,2,0.6863,0,0,1,0.79,0.7,9,0,0,1,0,0.110275442
0.22,0.113,0.43,0.53,0.03,103.18,1201550000000,50,70,1,45,3,0,0,0,0,288,0.0176,1750,2.3219,6,0.4143,0.5,0.0134,0,0,0,0,0,0,1,0,0.147327586
2,0.267,0.43,0.57,0,112.04,2060000000000,50,50,1,30,4,0,0,0,0,90,0.0137,1250,2.3219,4,0.3568,1,0.0053,0,0.4,0.66,6,0,0,1,0,0.403032909
0.22,0.113,0.67,0.27,0.07,111.11,1525830000000,70,50,1,45,5,0,0,0,0,180,0.0191,1750,2.3219,4,0.2797,0.5,0.0039,0,0,0,0,0,0,1,0,0.657304009
0.22,0.113,0.6,0.4,0,110.97,1180000000000,70,70,1,70,3,0,0,0,0,65.4545,0.0226,2450,2.3219,9,0.4214,0.4,0.0064,0,0,0,0,0,0,1,0,0.311230548
0.22,0.113,0.63,0.37,0,49.5,603000000000,70,70,0,0,0,1,0,4,0,180,0.0295,2450,2.3219,2,0.0563,0,0,1,0.48,0.52,9,0,0,1,0,0.449305838
0.22,0.113,0.17,0.8,0.03,229.21,2470000000000,70,70,1,45,4,0,0,0,0,231.4286,0.0238,2450,2.3219,9,0.39,0.6,0.0086,0,0,0,0,0,0,1,0,0.977452812
0.22,0.113,0.23,0.77,0,228.74,1930000000000,90,90,1,70,5,0,0,0,0,270,0.0403,4050,2.3219,6,0.2737,0.5,0.0093,0,0.62,0.81,8,0,0,1,0,0.806461569
2,0.267,0.33,0.23,0.43,556.62,4051250000000,50,90,1,30,5,0,0,0,0,288,0.0226,2250,2.3219,5,0.34,0.4,0.0124,0,0.4,0.43,3,0,0,1,0,0.360627656
0.22,0.113,0.3,0.7,0,384.23,2235220000000,90,90,1,15,3,0,0,0,0,180,0.0184,4050,2.3219,2,0.7398,0,0,1,0.73,0.59,12,0,0,1,0,0.406515939
1.1,0.625,0.41,0.59,0,7.45,59655172473,70,90,0,0,0,1,30,6,0,300,0.0196,3150,2.3219,10,0.6384,0.4,0.0157,0,0.45,0.54,6,0,0,1,0,0.571327608
0.22,0.113,0.27,0.73,0,288.57,2900000000000,50,50,0,0,0,1,20,4,0,90,0.0118,1250,2.3219,4,0.4744,0.5,0.0034,0,0.27,0.83,2,0,0,1,0,0.729592578
0.22,0.113,0.23,0.73,0.03,256.41,2020000000000,90,90,1,70,3,0,0,0,0,138.4615,0.0341,4050,2.3219,13,0.4512,0.7,0.0098,0,0.55,0.56,8,0,0,1,0,0.881887652
0.22,0.113,0.73,0.27,0,94.88,1123200000000,90,90,1,70,5,0,0,0,0,200,0.0374,4050,2.3219,11,0.3175,0.5,0.0216,0,0,0,0,0,0,1,0,0.534489711
2,0.267,0.13,0.67,0.2,272.7,5090000000000,90,90,1,70,3,0,0,0,0,144,0.0307,4050,2.3219,7,0.5186,0.9,0.0088,0,0.56,0.54,12,0,0,1,0,0.044294621
0.22,0.113,0.9,0.1,0,75.1,634000000000,50,50,1,45,4,0,0,0,0,180,0.0155,1250,2.3219,5,0.2488,0.4,0.0095,0,0,0,0,0,0,1,0,0.628424475
2,0.267,0.43,0.53,0.03,295.47,3660000000000,90,90,1,15,4,0,0,0,0,360,0.021,4050,2.3219,1,0.691,0,0,1,0,0,0,0,0,1,0,0.324849562
0.22,0.113,0.14,0.86,0,297.43,2380000000000,70,70,1,30,4,0,0,0,0,360,0.0199,2450,2.3219,3,0.49,0.7,0.0109,0,0.54,0.58,9,0,0,1,0,0.575986055
0.22,0.113,0.38,0.62,0,93.65,719000000000,70,70,1,30,3,0,0,0,0,308.5714,0.0164,2450,2.3219,4,0.6129,0.8,0.0126,0,0.29,0.55,3,0,0,1,0,0.568041861
1.1,0.625,0.48,0.52,0,93.76,2100000000000,70,70,1,15,5,0,0,0,0,360,0.0189,2450,2.3219,1,0.539,0,0,1,0.76,0.68,3,0,0,1,0,0.928743347
2,0.267,0.47,0,0.53,47.54,3925850000000,50,50,1,30,3,0,0,0,0,360,0.0122,1250,2.3219,2,0.4564,1,0.0116,0,0,0,0,0,0,1,0,0.216887964
0.22,0.113,0.43,0.53,0.03,271.3,2258080000000,90,70,1,45,4,0,0,0,0,240,0.0272,3150,2.3219,3,0.4551,0.7,0.0024,0,0,0,0,0,0,1,0,0.059282718
1.1,0.625,1,0,0,4.52,101000000000,50,50,1,15,3,0,0,0,0,180,0.0096,1250,2.3219,2,0.5928,0,0,1,0,0,0,0,0,1,0,0.306434359
2,0.267,0.27,0.63,0.1,411.1,4000000000000,70,70,1,70,4,0,0,0,0,120,0.0246,2450,2.3219,8,0.3249,0.6,0.008,0,0.57,0.53,9,0,0,1,0,0.367714931
0.22,0.113,0.21,0.79,0,275.91,2600000000000,90,90,1,45,4,0,0,0,0,300,0.0319,4050,2.3219,8,0.4723,0.8,0.0112,0,0,0,0,0,0,1,0,0.930140796
1.1,0.625,0.66,0.34,0,27.26,300000000000,50,50,1,70,5,0,0,0,0,180,0.0156,1250,2.3219,2,0.2056,0,0,1,0.41,0.5,6,0,0,1,0,0.342730559
0.22,0.113,0.89,0.11,0,32.03,305000000000,50,50,1,70,5,0,0,0,0,180,0.0155,1250,2.3219,2,0.2316,0,0,1,0.26,0.41,2,0,0,1,0,0.061287871
0.22,0.113,0.76,0.24,0,31.94,554000000000,70,70,1,70,4,0,0,0,0,120,0.0246,2450,2.3219,6,0.3465,0.7,0.0091,0,0,0,0,0,0,1,0,0.53544298
2,0.267,0.1,0.8,0.1,371.28,5200000000000,70,70,1,30,5,0,0,0,0,240,0.0219,2450,2.3219,2,0.4171,1,0.0082,0,0.74,0.55,9,0,0,1,0,0.120158461
1.1,0.625,0.3,0.6,0.1,101.05,1500000000000,90,90,1,70,4,0,0,0,0,180,0.0332,4050,2.3219,5,0.4547,0.8,0.0107,0,0.43,0.66,4,0,0,1,0,0.331571834
0.22,0.113,0.43,0.57,0,209.93,1710000000000,90,90,0,0,0,1,10,6,0,270,0.0408,4050,2.3219,12,0.2256,0.3,0.0135,0,0.4,0.58,8,0,0,1,0,0.765428712
1.1,0.625,0.43,0.57,0,151.76,1240810000000,90,90,1,45,5,0,0,0,0,266.6667,0.0375,4050,2.3219,12,0.3383,0.3,0.0118,0,0.62,0.51,12,0,0,1,0,0.644131949
0.22,0.113,0.52,0.48,0,28.05,310000000000,50,50,1,70,4,0,0,0,0,180,0.0137,1250,2.3219,2,0.314,0,0,1,0.64,0.48,6,0,0,1,0,0.132892447
0.22,0.113,0.55,0.45,0,60.73,535748000000,50,50,1,70,3,0,0,0,0,90,0.0151,1250,2.3219,6,0.2864,0.7,0.0065,0,0.5,0.56,6,0,0,1,0,0.898695228
0.22,0.113,0.23,0.77,0,91.05,992000000000,70,70,1,45,4,0,0,0,0,154.2857,0.0237,2450,2.3219,6,0.3698,0.7,0.0126,0,0.58,0.64,9,0,0,1,0,0.367823635
1.1,0.625,0.41,0.59,0,100.25,977000000000,70,70,1,45,3,0,0,0,0,90,0.0228,2450,2.3219,5,0.4371,0.4,0.0078,0,0.68,0.55,9,0,0,1,0,0.403635962
1.1,0.625,1,0,0,37.91,201000000000,50,50,1,15,4,0,0,0,0,180,0.0104,1250,2.3219,3,0.5256,0.7,0.0041,0,0,0,0,0,0,1,0,0.235448432
1.1,0.625,0.37,0.6,0.03,167.47,1696920000000,70,70,1,45,4,0,0,0,0,360,0.0226,2450,2.3219,1,0.4316,0,0,1,0.7,0.45,6,0,0,1,0,0.161090932
0.22,0.113,0.07,0.93,0,427.94,3790000000000,90,90,1,45,3,0,0,0,0,300,0.0299,4050,2.3219,6,0.541,0.3,0.0092,0,0.66,0.58,4,0,0,1,0,0.181664611
0.22,0.113,0.2,0.8,0,324.78,2500000000000,90,90,1,15,4,0,0,0,0,180,0.023,4050,2.3219,4,0.6493,1,0.0115,0,0.59,0.37,4,0,0,1,0,0.186259263
2,0.267,0.37,0.57,0.07,198.58,3460000000000,50,50,1,30,4,0,0,0,0,180,0.0141,1250,2.3219,4,0.3684,0.5,0.0076,0,0.61,0.45,4,0,0,1,0,0.42631667
0.22,0.113,0.34,0.66,0,296.04,2100000000000,90,90,1,30,5,0,0,0,0,180,0.0338,4050,2.3219,6,0.43,0.3,0.0077,0,0.65,0.68,8,0,0,1,0,0.325263404
0.22,0.113,0.21,0.79,0,495.57,3820000000000,90,90,1,45,3,0,0,0,0,360,0.0309,4050,2.3219,6,0.5274,0.5,0.0309,0,0.62,0.62,4,0,0,1,0,0.830861074
0.22,0.113,0.9,0.1,0,26.15,239000000000,50,50,1,70,3,0,0,0,0,180,0.0151,1250,2.3219,3,0.2944,1,0.0105,0,0.39,0.38,2,0,0,1,0,0.974803864
0.22,0.113,0.43,0.57,0,222.98,2490000000000,70,70,0,0,0,1,30,4,0,254.1176,0.0228,2450,2.3219,10,0.4182,0.5,0.0263,0,0.45,0.54,3,0,0,1,0,0.330309139
0.22,0.113,0.07,0.4,0.53,14.31,5780000000000,70,70,1,70,4,0,0,0,0,120,0.0279,2450,2.3219,9,0.2384,0.7,0.0073,0,0.69,0.59,3,0,0,1,0,0.811518396
0.22,0.113,0.03,0.7,0.27,11.05,5830000000000,50,50,1,45,5,0,0,0,0,180,0.0148,1250,2.3219,2,0.296,0,0,1,0.54,0.51,6,0,0,1,0,0.974811983
0.22,0.113,0.3,0.7,0,226.99,1889050000000,90,90,1,30,5,0,0,0,0,240,0.0323,4050,2.3219,3,0.4452,1,0.0059,0,0.51,0.51,12,0,0,1,0,0.131662791
0.22,0.113,0.57,0.43,0,177.53,1520000000000,90,90,1,45,3,0,0,0,0,270,0.0272,4050,2.3219,7,0.5802,0.4,0.0091,0,0,0,0,0,0,1,0,0.350220834
1.1,0.625,0.33,0.67,0,157.64,1420000000000,70,70,1,45,4,0,0,0,0,308.5714,0.0249,2450,2.3219,6,0.3602,0.5,0.0116,0,0.46,0.64,6,0,0,1,0,0.800792638
0.22,0.113,0.2,0.8,0,318.74,2480000000000,90,90,1,45,4,0,0,0,0,300,0.0312,4050,2.3219,6,0.4847,0.7,0.0084,0,0.58,0.69,8,0,0,1,0,0.15855542
0.22,0.113,0.11,0.89,0,347.71,3270000000000,90,90,1,15,5,0,0,0,0,180,0.0237,4050,2.3219,2,0.6341,0,0,1,0.48,0.64,12,0,0,1,0,0.774723437
2,0.267,0.27,0.7,0.03,214.69,4090000000000,90,90,1,30,4,0,0,0,0,360,0.0261,4050,2.3219,2,0.5863,1,0.0064,0,0.58,0.66,8,0,0,1,0,0.5360375
0.22,0.113,0.4,0.6,0,219.6,1879130000000,70,70,1,15,5,0,0,0,0,180,0.0195,2450,2.3219,4,0.512,1,0.0097,0,0,0,0,0,0,1,0,0.92988029
0.22,0.113,0.41,0.59,0,252.55,1901430000000,90,90,1,45,5,0,0,0,0,341.0526,0.0365,4050,2.3219,7,0.3585,0.6,0.0195,0,0.4,0.46,12,0,0,1,0,0.097654232
0.22,0.113,0.1,0.9,0,483.93,3510000000000,90,90,1,15,5,0,0,0,0,240,0.026,4050,2.3219,4,0.5965,1,0.0118,0,0.71,0.63,8,0,0,1,0,0.365176588
2,0.267,0.47,0.4,0.13,112.61,3490000000000,50,50,1,70,5,0,0,0,0,180,0.0154,1250,2.3219,2,0.2036,0,0,1,0.49,0.32,6,0,0,1,0,0.192824574
1.1,0.625,0.93,0.07,0,29.79,477133000000,50,70,0,0,0,1,0,2,0,180,0.0219,1750,2.3219,2,0.0674,1,0.0004,0,0.28,0.44,2,0,0,1,0,0.542455865
0.22,0.113,0,0.47,0.53,14.03,5982940000000,70,70,1,70,4,0,0,0,0,108,0.0255,2450,2.3219,10,0.3173,0.8,0.0081,0,0.43,0.75,3,0,0,1,0,0.292982193
1.1,0.625,0.34,0.66,0,91.71,1480000000000,90,90,1,70,5,0,0,0,0,254.1176,0.0381,4050,2.3219,12,0.303,0.5,0.0101,0,0.65,0.64,4,0,0,1,0,0.583351964
0.22,0.113,0.9,0.1,0,75.1,633917000000,50,50,1,45,4,0,0,0,0,180,0.0155,1250,2.3219,5,0.2488,0.4,0.0095,0,0,0,0,0,0,1,0,0.372248726
1.1,0.625,0.4,0.6,0,211.93,2420000000000,90,90,1,45,5,0,0,0,0,180,0.0328,4050,2.3219,2,0.4477,0,0,1,0.46,0.39,4,0,0,1,0,0.579476798
0.22,0.113,0.64,0.36,0,29.08,336211000000,50,50,1,70,5,0,0,0,0,180,0.015,1250,2.3219,2,0.2472,0,0,1,0.39,0.71,4,0,0,1,0,0.779303117
1.1,0.625,0.63,0.33,0.03,31.35,1020000000000,50,50,1,15,5,0,0,0,0,360,0.0123,1250,2.3219,2,0.3984,1,0.006,0,0,0,0,0,0,1,0,0.141052832
0.22,0.113,0.23,0.77,0,181.44,1700000000000,90,90,1,45,3,0,0,0,0,227.3684,0.0287,4050,2.3219,11,0.5577,0.5,0.0105,0,0.41,0.52,4,0,0,1,0,0.251364727
0.22,0.113,0.27,0.73,0,249.47,2380000000000,90,90,1,15,4,0,0,0,0,360,0.0223,4050,2.3219,1,0.6617,0,0,1,0.56,0.55,8,0,0,1,0,0.592716638
0.22,0.113,0.1,0.87,0.03,317.65,2640000000000,90,90,1,15,4,0,0,0,0,180,0.0188,4050,2.3219,2,0.7293,0,0,1,0,0,0,0,0,1,0,0.83381017
0.22,0.113,0.07,0.93,0,289.59,1972410000000,90,90,1,30,3,0,0,0,0,240,0.0243,4050,2.3219,3,0.6423,1,0.009,0,0,0,0,0,0,1,0,0.574766369
0.22,0.113,0.67,0.33,0,70.7,791277000000,50,70,1,30,4,0,0,0,0,180,0.0151,1750,2.3219,3,0.4843,1,0.0045,0,0.49,0.58,6,0,0,1,0,0.738033546
0.22,0.113,0.91,0.09,0,5.61,28509090936,50,50,0,0,0,1,30,4,0,294.5455,0.0093,1250,2.3219,6,0.6308,0.5,0.0129,0,0.63,0.23,2,0,0,1,0,0.418066705
1.1,0.625,0.52,0.48,0,72.48,1150000000000,70,70,1,30,5,0,0,0,0,180,0.0218,2450,2.3219,2,0.4443,0,0,1,0,0,0,0,0,1,0,0.958375701
0.22,0.113,0.4,0.6,0,125.65,1460000000000,70,70,1,15,5,0,0,0,0,360,0.0169,2450,2.3219,1,0.5782,0,0,1,0.49,0.48,6,0,0,1,0,0.403655654
0.22,0.113,0.9,0.1,0,29.36,397000000000,70,70,0,0,0,1,0,2,0,180,0.0295,2450,2.3219,2,0.0563,0,0,1,0.44,0.51,9,0,0,1,0,0.289722389
0.22,0.113,0.27,0.73,0,238.8,3105230000000,90,90,1,30,5,0,0,0,0,360,0.0314,4050,2.3219,2,0.4767,1,0.0175,0,0.56,0.46,8,0,0,1,0,0.568165608
2,0.267,0.43,0.57,0,185.14,2390000000000,70,70,1,30,3,0,0,0,0,360,0.0175,2450,2.3219,1,0.5788,0,0,1,0.58,0.37,6,0,0,1,0,0.678511962
2,0.267,0.13,0.2,0.67,514.13,5540000000000,90,90,1,70,5,0,0,0,0,150,0.0391,4050,2.3219,11,0.29,0.5,0.0099,0,0,0,0,0,0,1,0,0.005551252
0.22,0.113,0.5,0.5,0,40.61,380525000000,50,50,1,45,3,0,0,0,0,180,0.0144,1250,2.3219,5,0.3112,0.6,0.0092,0,0.62,0.67,4,0,0,1,0,0.957080927
0.22,0.113,0.6,0.4,0,118.91,952000000000,90,90,1,15,3,0,0,0,0,180,0.0168,4050,2.3219,2,0.7678,0,0,1,0,0,0,0,0,1,0,0.010549828
0.22,0.113,0.41,0.59,0,60.03,715000000000,50,50,0,0,0,1,10,2,0,190.5882,0.0161,1250,2.3219,13,0.176,0.5,0.0121,0,0.66,0.5,6,0,0,1,0,0.998224902
2,0.267,0.38,0.62,0,226.75,3200000000000,90,90,1,15,5,0,0,0,0,180,0.0194,4050,2.3219,2,0.7036,0,0,1,0.39,0.61,8,0,0,1,0,0.65328936
0.22,0.113,0.43,0.57,0,88.34,773133000000,50,50,1,30,4,0,0,0,0,180,0.0138,1250,2.3219,3,0.3592,1,0.0052,0,0.64,0.51,6,0,0,1,0,0.251885429
0.22,0.113,0.5,0.5,0,76.9,525000000000,50,50,1,30,4,0,0,0,0,360,0.0133,1250,2.3219,1,0.3804,0,0,1,0.4,0.7,6,0,0,1,0,0.805620442
0.22,0.113,0.31,0.69,0,161.01,1300000000000,70,70,0,0,0,1,10,6,0,303.1579,0.024,2450,2.3219,7,0.3276,0.6,0.0133,0,0.51,0.44,9,0,0,1,0,0.335333313
0.22,0.113,0.1,0.9,0,330.9,3030000000000,90,90,1,30,4,0,0,0,0,135,0.0304,4050,2.3219,8,0.5147,0.6,0.0087,0,0.61,0.66,8,0,0,1,0,0.406246192
0.22,0.113,0.79,0.21,0,27.79,335000000000,50,50,1,15,5,0,0,0,0,180,0.011,1250,2.3219,2,0.4832,0,0,1,0.46,0.58,2,0,0,1,0,0.956287955
1.1,0.625,0.13,0.77,0.1,12.31,5350000000000,50,50,1,45,3,0,0,0,0,180,0.0138,1250,2.3219,6,0.3712,0.7,0.0059,0,0.42,0.43,6,0,0,1,0,0.833057706
1.1,0.625,0.48,0.52,0,93.76,2099850000000,70,70,1,15,5,0,0,0,0,360,0.0189,2450,2.3219,1,0.539,0,0,1,0.76,0.68,3,0,0,1,0,0.223445729
0.22,0.113,0.18,0.82,0,413.63,3030000000000,90,90,1,30,5,0,0,0,0,180,0.0304,4050,2.3219,7,0.5001,0.3,0.0088,0,0.64,0.86,12,0,0,1,0,0.297885533
1.1,0.625,0.1,0.33,0.57,10.65,5380000000000,70,70,1,30,5,0,0,0,0,360,0.0205,2450,2.3219,1,0.4769,0,0,1,0.44,0.41,3,0,0,1,0,0.342395172
0.22,0.113,0.23,0.77,0,228.74,1934680000000,90,90,1,70,5,0,0,0,0,270,0.0403,4050,2.3219,6,0.2737,0.5,0.0093,0,0.62,0.81,8,0,0,1,0,0.330305487
0.22,0.113,0.27,0.73,0,385.08,3220000000000,90,90,1,30,3,0,0,0,0,180,0.0256,4050,2.3219,4,0.6162,0.5,0.0059,0,0,0,0,0,0,1,0,0.575877119
0.22,0.113,0.79,0.21,0,53.72,351590000000,50,50,1,15,4,0,0,0,0,180,0.01,1250,2.3219,2,0.5424,1,0.0002,0,0.58,0.55,4,0,0,1,0,0.918377196
0.22,0.113,0.17,0.83,0,378.63,3160930000000,90,90,1,30,3,0,0,0,0,180,0.0237,4050,2.3219,3,0.6543,1,0.0051,0,0.58,0.59,12,0,0,1,0,0.490655677
2,0.267,0.33,0.53,0.13,176.62,3495900000000,70,70,1,70,3,0,0,0,0,227.3684,0.0261,2450,2.3219,17,0.3486,0.6,0.0092,0,0.31,0.54,3,0,0,1,0,0.403036412
0.22,0.113,0.8,0.2,0,30.25,304000000000,50,50,0,0,0,1,0,6,0,180,0.0163,1250,2.3219,2,0.0784,1,0.0004,0,0.54,0.63,6,0,0,1,0,0.186391496
0.22,0.113,0.34,0.66,0,128.53,1516960000000,50,50,1,30,3,0,0,0,0,120,0.0124,1250,2.3219,3,0.4516,1,0.0063,0,0.52,0.88,2,0,0,1,0,0.406823839
0.22,0.113,0.75,0.25,0,50.18,302000000000,50,50,1,15,5,0,0,0,0,180,0.0095,1250,2.3219,2,0.5808,1,0.0008,0,0.51,0.5,6,0,0,1,0,0.192816943
2,0.267,0,0.77,0.23,25.24,6010000000000,90,90,1,30,4,0,0,0,0,180,0.0269,4050,2.3219,2,0.5774,0,0,1,0.47,0.56,12,0,0,1,0,0.348726717
0.22,0.113,0.86,0.14,0,63.78,532000000000,70,70,1,70,5,0,0,0,0,120,0.0275,2450,2.3219,4,0.2284,0.5,0.005,0,0,0,0,0,0,1,0,0.532827133
0.22,0.113,0.76,0.24,0,53.41,633000000000,50,50,1,30,3,0,0,0,0,360,0.0119,1250,2.3219,1,0.4868,0,0,1,0,0,0,0,0,1,0,0.331892148
0.22,0.113,0.43,0.57,0,41.32,397000000000,70,70,1,15,3,0,0,0,0,360,0.0137,2450,2.3219,1,0.6859,0,0,1,0.47,0.48,9,0,0,1,0,0.85237021
0.22,0.113,0.1,0.9,0,493.23,3820000000000,90,90,1,15,3,0,0,0,0,180,0.0176,4050,2.3219,2,0.7521,1,0.0091,0,0.5,0.59,12,0,0,1,0,0.896095059
0.22,0.113,0.81,0.19,0,39.16,323658000000,50,50,1,45,3,0,0,0,0,144,0.0135,1250,2.3219,5,0.3952,0.6,0.0075,0,0,0,0,0,0,1,0,0.973388544
0.22,0.113,0.27,0.7,0.03,174.74,1700000000000,70,70,1,70,4,0,0,0,0,72,0.0257,2450,2.3219,12,0.2886,0.5,0.0104,0,0,0,0,0,0,1,0,0.225709771
2,0.267,0.27,0.67,0.07,10.35,4500000000000,50,50,1,15,3,0,0,0,0,180,0.0088,1250,2.3219,3,0.6416,1,0.0089,0,0.47,0.59,6,0,0,1,0,0.412561035
0.22,0.113,0.34,0.66,0,215.4,2217820000000,90,90,1,30,4,0,0,0,0,180,0.0254,4050,2.3219,3,0.5973,1,0.0021,0,0.57,0.63,4,0,0,1,0,0.744296754
0.22,0.113,0.48,0.52,0,129.73,1650000000000,50,50,1,45,3,0,0,0,0,180,0.0135,1250,2.3219,3,0.3896,1,0.0075,0,0,0,0,0,0,1,0,0.164175151
0.22,0.113,0.37,0.6,0.03,460.25,3940000000000,90,90,1,30,5,0,0,0,0,180,0.0293,4050,2.3219,2,0.5121,0,0,1,0,0,0,0,0,1,0,0.321410736
0.22,0.113,0.4,0.6,0,219.6,1880000000000,70,70,1,15,5,0,0,0,0,180,0.0195,2450,2.3219,4,0.512,1,0.0097,0,0,0,0,0,0,1,0,0.367817885
2,0.267,0.27,0.67,0.07,507.31,3970000000000,90,90,1,30,4,0,0,0,0,180,0.028,4050,2.3219,2,0.5475,0,0,1,0.54,0.4,8,0,0,1,0,0.042832442
0.22,0.113,0.24,0.76,0,225.16,2050000000000,70,70,1,30,3,0,0,0,0,120,0.0188,2450,2.3219,3,0.5741,1,0.0039,0,0.67,0.45,6,0,0,1,0,0.809853531
2,0.267,0.37,0.63,0,269.89,2810000000000,90,90,1,15,4,0,0,0,0,180,0.0241,4050,2.3219,4,0.6322,0.5,0.0053,0,0.47,0.57,4,0,0,1,0,0.873634852
1.1,0.625,1,0,0,4.52,100800000000,50,50,1,15,3,0,0,0,0,180,0.0096,1250,2.3219,2,0.5928,0,0,1,0,0,0,0,0,1,0,0.351039796
0.22,0.113,0.37,0.6,0.03,460.25,3935930000000,90,90,1,30,5,0,0,0,0,180,0.0293,4050,2.3219,2,0.5121,0,0,1,0,0,0,0,0,1,0,0.960025905
0.22,0.113,0.52,0.48,0,74.21,873000000000,50,50,1,30,4,0,0,0,0,102.8571,0.0139,1250,2.3219,7,0.3372,0.4,0.0072,0,0.94,0.7,2,0,0,1,0,0.391970352
1.1,0.625,0.63,0.37,0,53.76,651853000000,70,70,1,45,4,0,0,0,0,180,0.0217,2450,2.3219,4,0.4439,0.8,0.0066,0,0.51,0.39,6,0,0,1,0,0.85514587
0.22,0.113,0.13,0.87,0,346.14,2220000000000,90,90,1,15,4,0,0,0,0,90,0.0203,4050,2.3219,4,0.6919,1,0.0064,0,0,0,0,0,0,1,0,0.788787971
0.22,0.113,0.43,0.57,0,88.34,773000000000,50,50,1,30,4,0,0,0,0,180,0.0138,1250,2.3219,3,0.3592,1,0.0052,0,0.64,0.51,6,0,0,1,0,0.475833637
0.22,0.113,0.34,0.66,0,197.96,1889570000000,70,70,1,70,3,0,0,0,0,60,0.0238,2450,2.3219,8,0.3867,0.8,0.0079,0,0.57,0.5,9,0,0,1,0,0.054413456
0.22,0.113,0.57,0.43,0,36.88,728000000000,50,50,1,70,3,0,0,0,0,144,0.0148,1250,2.3219,6,0.2852,0.5,0.0072,0,0.62,0.4,6,0,0,1,0,0.926757115
0.22,0.113,0.7,0.3,0,95.44,825000000000,70,70,1,70,4,0,0,0,0,327.2727,0.0258,2450,2.3219,5,0.3235,0.8,0.0179,0,0.49,0.57,3,0,0,1,0,0.208865168
0.22,0.113,0.1,0.9,0,298.38,2370000000000,90,90,1,45,3,0,0,0,0,249.2308,0.0307,4050,2.3219,11,0.5235,0.6,0.0123,0,0.52,0.49,8,0,0,1,0,0.347343755
2,0.267,0.39,0.57,0.04,272.85,3290000000000,70,70,1,15,4,0,0,0,0,180,0.0162,2450,2.3219,3,0.6135,1,0.0046,0,0.58,0.67,6,0,0,1,0,0.07975108
2,0.267,0.87,0.07,0.07,123.9,1330000000000,50,50,1,30,3,0,0,0,0,360,0.0115,1250,2.3219,2,0.4936,1,0.0076,0,0,0,0,0,0,1,0,0.544736761
0.22,0.113,0.6,0.4,0,74.12,721293000000,90,90,1,70,5,0,0,0,0,360,0.0406,4050,2.3219,3,0.2712,0.7,0.0083,0,0.55,0.71,8,0,0,1,0,0.014862079
0.22,0.113,0.73,0.27,0,50.1,580000000000,50,50,1,70,3,0,0,0,0,180,0.015,1250,2.3219,5,0.2864,0.6,0.0078,0,0,0,0,0,0,1,0,0.937336104
0.22,0.113,0.07,0.93,0,464.17,3800000000000,50,50,1,15,3,0,0,0,0,90,0.0114,1250,2.3219,4,0.5188,0.5,0.0073,0,0.52,0.65,6,0,0,1,0,0.412542163
0.22,0.113,0.34,0.66,0,205.41,1550000000000,70,70,1,30,3,0,0,0,0,90,0.0181,2450,2.3219,5,0.5733,0.6,0.0045,0,0.44,0.54,3,0,0,1,0,0.432821438
0.22,0.113,0.5,0.5,0,171.32,1270000000000,50,50,1,30,3,0,0,0,0,160,0.013,1250,2.3219,8,0.4232,0.5,0.0097,0,0,0,0,0,0,1,0,0.447141788
1.1,0.625,0.5,0.5,0,60.02,1070000000000,50,50,1,15,5,0,0,0,0,180,0.0116,1250,2.3219,2,0.482,1,0.0002,0,0.22,0.86,2,0,0,1,0,0.712056406
0.22,0.113,0.39,0.61,0,123.78,1160000000000,70,70,1,70,4,0,0,0,0,144,0.025,2450,2.3219,6,0.3206,0.5,0.0088,0,0.42,0.57,6,0,0,1,0,0.097818028
0.22,0.113,0.59,0.41,0,90.34,871000000000,70,70,1,45,4,0,0,0,0,360,0.0233,2450,2.3219,2,0.3929,1,0.0098,0,0.52,0.67,6,0,0,1,0,0.680336692
2,0.267,0.66,0.34,0,92.03,1600000000000,50,50,1,45,3,0,0,0,0,102.8571,0.0146,1250,2.3219,8,0.3252,0.5,0.0109,0,0.59,0.77,2,0,0,1,0,0.583123562
0.22,0.113,0.34,0.66,0,215.4,2220000000000,90,90,1,30,4,0,0,0,0,180,0.0254,4050,2.3219,3,0.5973,1,0.0021,0,0.57,0.63,4,0,0,1,0,0.819983868
0.22,0.113,0.27,0.73,0,223.47,1770000000000,90,90,1,30,4,0,0,0,0,240,0.0285,4050,2.3219,3,0.5573,0.7,0.0047,0,0.55,0.84,4,0,0,1,0,0.635529243
0.22,0.113,0.14,0.86,0,297.43,2382720000000,70,70,1,30,4,0,0,0,0,360,0.0199,2450,2.3219,3,0.49,0.7,0.0109,0,0.54,0.58,9,0,0,1,0,0.950473497
2,0.267,0.2,0.7,0.1,432.89,4660000000000,70,70,1,70,5,0,0,0,0,180,0.028,2450,2.3219,4,0.2012,0.5,0.008,0,0.54,0.45,9,0,0,1,0,0.095722074
0.22,0.113,0.34,0.66,0,120.97,1040000000000,70,70,1,70,3,0,0,0,0,180,0.0233,2450,2.3219,8,0.4155,0.8,0.0095,0,0.62,0.52,3,0,0,1,0,0.582049285
0.22,0.113,0.38,0.62,0,135.05,1220000000000,70,70,1,45,3,0,0,0,0,360,0.0215,2450,2.3219,2,0.4937,1,0.01,0,0.45,0.6,6,0,0,1,0,0.236340434
0.22,0.113,0.27,0.73,0,340.28,3260000000000,70,70,1,15,4,0,0,0,0,180,0.0202,2450,2.3219,3,0.5049,1,0.009,0,0,0,0,0,0,1,0,0.892523473
1.1,0.625,0.3,0.7,0,85.66,1513920000000,70,90,0,0,0,1,30,6,0,308.5714,0.0207,3150,2.3219,6,0.614,0.7,0.0113,0,0.42,0.43,9,0,0,1,0,0.287826581
0.22,0.113,0.43,0.57,0,138.65,1483040000000,70,70,1,45,4,0,0,0,0,308.5714,0.0213,2450,2.3219,6,0.4414,0.8,0.009,0,0,0,0,0,0,1,0,0.180967785
0.22,0.113,0.27,0.73,0,274.44,2350000000000,50,50,1,45,3,0,0,0,0,90,0.0135,1250,2.3219,5,0.3988,0.6,0.0053,0,0.91,0.48,4,0,0,1,0,0.009703085
0.22,0.113,0.21,0.79,0,246.71,2173770000000,90,90,1,15,3,0,0,0,0,360,0.0171,4050,2.3219,1,0.7657,0,0,1,0.62,0.5,12,0,0,1,0,0.698016075
0.22,0.113,0.6,0.4,0,87.15,718000000000,90,90,0,0,0,1,20,2,0,277.5904,0.0455,4050,2.3219,30,0.1049,0.5,0.0145,0,0.7,0.56,8,0,0,1,0,0.606911597
2,0.267,0.17,0.7,0.13,577.88,4970000000000,90,90,1,70,5,0,0,0,0,180,0.0369,4050,2.3219,10,0.3238,0.7,0.0537,0.0003,0.5,0.49,12,0,0,1,0,0.391687893
1.1,0.625,0.52,0.48,0,45.35,674837000000,50,90,1,15,3,0,0,0,0,180,0.014,2250,2.3219,2,0.6656,0,0,1,0.51,0.54,9,0,0,1,0,0.574600516
0.22,0.113,0.25,0.75,0,412.76,2721360000000,90,90,1,30,4,0,0,0,0,180,0.0209,4050,2.3219,2,0.6828,0,0,1,0,0,0,0,0,1,0,0.46217613
0.22,0.113,0.83,0.17,0,23.53,232000000000,50,50,1,70,5,0,0,0,0,180,0.0154,1250,2.3219,2,0.2304,0,0,1,0.6,0.6,6,0,0,1,0,0.523352618
0.22,0.113,0.4,0.6,0,198.14,1773440000000,70,70,1,30,4,0,0,0,0,144,0.0229,2450,2.3219,5,0.4196,0.2,0.0069,0,0,0,0,0,0,1,0,0.46218391
0.22,0.113,0.17,0.83,0,248.71,2510000000000,90,90,1,15,4,0,0,0,0,360,0.0232,4050,2.3219,1,0.6483,0,0,1,0.73,0.55,8,0,0,1,0,0.5974585
1.1,0.625,0.03,0.97,0,230.91,3900000000000,90,90,1,30,4,0,0,0,0,180,0.0285,4050,2.3219,4,0.5435,0.5,0.0047,0,0.47,0.68,4,0,0,1,0,0.698704677
0.22,0.113,0.2,0.8,0,275.19,2080000000000,90,90,1,30,5,0,0,0,0,180,0.0335,4050,2.3219,4,0.4298,0.5,0.0057,0,0.76,0.56,8,0,0,1,0,0.512646605
2,0.267,0.5,0.27,0.23,167.19,2840000000000,50,50,1,70,3,0,0,0,0,120,0.0156,1250,2.3219,8,0.2636,0.2,0.0073,0,0.57,0.26,2,0,0,1,0,0.025702352
0.22,0.113,0.63,0.37,0,50.75,522000000000,70,70,1,70,4,0,0,0,0,294.5455,0.0267,2450,2.3219,6,0.2676,0.5,0.0104,0,0.67,0.54,3,0,0,1,0,0.2601484
2,0.267,0.81,0.19,0,23.16,401000000000,50,50,1,15,3,0,0,0,0,360,0.0095,1250,2.3219,1,0.6088,0,0,1,0.54,0.44,2,0,0,1,0,0.768221506
0.22,0.113,0.27,0.73,0,212.91,2600000000000,70,70,1,70,4,0,0,0,0,288,0.0252,2450,2.3219,5,0.3153,0.4,0.0116,0,0.64,0.64,9,0,0,1,0,0.795475379
2,0.267,0.48,0,0.52,103.59,3770000000000,50,50,1,45,4,0,0,0,0,180,0.0138,1250,2.3219,2,0.3144,0,0,1,0,0,0,0,0,1,0,0.657300893
0.22,0.113,0.17,0.83,0,378.63,3160000000000,90,90,1,30,3,0,0,0,0,180,0.0237,4050,2.3219,3,0.6543,1,0.0051,0,0.58,0.59,12,0,0,1,0,0.624548013
0.22,0.113,0.21,0.79,0,241.98,2110000000000,90,90,1,30,3,0,0,0,0,360,0.0248,4050,2.3219,2,0.6253,1,0.0079,0,0.6,0.55,12,0,0,1,0,0.656855199
0.22,0.113,0.76,0.24,0,51.03,368000000000,50,50,1,70,4,0,0,0,0,180,0.0151,1250,2.3219,2,0.2572,0,0,1,0.22,0.79,4,0,0,1,0,0.426089878
2,0.267,0.6,0.4,0,262.47,2020000000000,70,70,1,15,5,0,0,0,0,205.7143,0.0209,2450,2.3219,6,0.4751,0.7,0.0089,0,0.61,0.55,9,0,0,1,0,0.768361693
2,0.267,0.52,0.48,0,93.83,1080000000000,70,70,1,30,3,0,0,0,0,360,0.0183,2450,2.3219,1,0.5731,0,0,1,0.56,0.61,6,0,0,1,0,0.311426572
2,0.267,0.33,0.67,0,403.67,3710000000000,90,90,1,30,3,0,0,0,0,120,0.0235,4050,2.3219,6,0.6474,0.7,0.0042,0,0,0,0,0,0,1,0,0.455048638
0.22,0.113,0.24,0.76,0,255.23,2660000000000,90,90,1,30,4,0,0,0,0,180,0.0242,4050,2.3219,2,0.6133,0,0,1,0.52,0.5,4,0,0,1,0,0.169615788
1.1,0.625,0.17,0.83,0,218.2,2356130000000,70,70,1,15,4,0,0,0,0,180,0.0178,2450,2.3219,2,0.5696,1,0.0001,0,0.5,0.6,6,0,0,1,0,0.052783076
0.22,0.113,0.48,0.52,0,152.84,1340000000000,70,70,1,45,4,0,0,0,0,120,0.0221,2450,2.3219,7,0.4241,0.3,0.0089,0,0,0,0,0,0,1,0,0.712519485
0.22,0.113,0.31,0.69,0,232.87,1880000000000,70,70,1,45,3,0,0,0,0,240,0.0219,2450,2.3219,7,0.4714,0.7,0.0095,0,0.66,0.61,6,0,0,1,0,0.991385161
1.1,0.625,0.13,0.87,0,134.9,1650000000000,90,90,1,45,4,0,0,0,0,180,0.0344,4050,2.3219,8,0.4349,0.5,0.0082,0,0.62,0.4,8,0,0,1,0,0.712055881
0.22,0.113,0.2,0.8,0,179.33,1680000000000,90,90,1,70,4,0,0,0,0,332.3077,0.0366,4050,2.3219,5,0.3825,0.4,0.0098,0,0.51,0.49,12,0,0,1,0,0.574742219
0.22,0.113,0.36,0.64,0,68.67,933000000000,50,50,1,45,3,0,0,0,0,144,0.014,1250,2.3219,11,0.3676,0.7,0.0101,0,0.69,0.45,6,0,0,1,0,0.696201678
1.1,0.625,0.32,0.68,0,97.19,2770000000000,70,70,1,45,3,0,0,0,0,180,0.0215,2450,2.3219,4,0.47,0.2,0.0077,0,0.61,0.82,3,0,0,1,0,0.635883096
0.22,0.113,0.3,0.7,0,228.67,2136440000000,70,70,1,45,3,0,0,0,0,120,0.0228,2450,2.3219,7,0.4349,0.6,0.0066,0,0.55,0.42,6,0,0,1,0,0.861772475
0.22,0.113,0.29,0.71,0,387.3,3520000000000,70,70,0,0,0,1,30,6,0,327.2727,0.0165,2450,2.3219,7,0.6188,0.6,0.0137,0,0.4,0.55,9,0,0,1,0,0.005646321
0.22,0.113,0.1,0.9,0,487.68,3590000000000,90,90,1,45,4,0,0,0,0,360,0.0317,4050,2.3219,3,0.4864,0.3,0.0309,0,0.65,0.41,4,0,0,1,0,0.054428535
0.22,0.113,0.68,0.32,0,31.85,275000000000,50,50,1,45,3,0,0,0,0,90,0.0132,1250,2.3219,4,0.3912,1,0.0082,0,0,0,0,0,0,1,0,0.165660419
1.1,0.625,0.03,0.47,0.5,10.46,6000000000000,50,50,1,70,5,0,0,0,0,180,0.0154,1250,2.3219,2,0.1996,0,0,1,0.41,0.65,2,0,0,1,0,0.855140094
0.22,0.113,0.2,0.43,0.37,11.33,5010000000000,70,70,1,15,4,0,0,0,0,180,0.0173,2450,2.3219,2,0.5922,0,0,1,0.58,0.44,6,0,0,1,0,0.21842817
0.22,0.113,0.1,0.9,0,338.96,3277250000000,90,90,1,70,3,0,0,0,0,216,0.0305,4050,2.3219,5,0.5281,0.4,0.0073,0,0.52,0.53,8,0,0,1,0,0.017587271
0.22,0.113,0.2,0.77,0.03,362.86,4040000000000,70,70,1,45,3,0,0,0,0,180,0.019,2450,2.3219,12,0.5482,0.5,0.0091,0,0.6,0.31,3,0,0,1,0,0.570853022
2,0.267,0.36,0.04,0.61,205.68,4880000000000,70,70,1,30,5,0,0,0,0,180,0.023,2450,2.3219,2,0.3816,0,0,1,0,0,0,0,0,1,0,0.18437939
0.22,0.113,0.27,0.73,0,134.53,1380000000000,50,50,1,45,3,0,0,0,0,120,0.0139,1250,2.3219,3,0.3532,0.7,0.0051,0,0.59,0.52,6,0,0,1,0,0.729601314
0.22,0.113,0.27,0.73,0,386.42,2240000000000,90,90,1,30,4,0,0,0,0,180,0.023,4050,2.3219,4,0.6383,0.2,0.008,0,0.59,0.42,8,0,0,1,0,0.922105099
0.22,0.113,0.34,0.66,0,128.53,1520000000000,50,50,1,30,3,0,0,0,0,120,0.0124,1250,2.3219,3,0.4516,1,0.0063,0,0.52,0.88,2,0,0,1,0,0.406240438
0.22,0.113,0.43,0.5,0.07,113.08,1640000000000,90,90,0,0,0,1,30,2,0,120,0.0454,4050,2.3219,33,0.1315,0.6,0.0139,0,0,0,0,0,0,1,0,0.613199844
0.22,0.113,0.38,0.59,0.03,272.78,1880000000000,70,70,1,45,4,0,0,0,0,261.8182,0.0221,2450,2.3219,6,0.4024,0.3,0.0101,0,0,0,0,0,0,1,0,0.476630843
0.22,0.113,0.9,0.1,0,29.26,281541000000,50,50,1,70,4,0,0,0,0,180,0.0151,1250,2.3219,2,0.2472,0,0,1,0.47,0.2,2,0,0,1,0,0.817316148
0.22,0.113,0.67,0.33,0,67.65,996000000000,70,70,0,0,0,1,20,2,0,196.3636,0.0292,2450,2.3219,22,0.1504,0.6,0.0144,0,0.5,0.74,9,0,0,1,0,0.02518082
0.22,0.113,0.55,0.45,0,38.2,454579000000,50,50,1,30,5,0,0,0,0,180,0.0135,1250,2.3219,3,0.3544,1,0.0076,0,0.45,0.68,2,0,0,1,0,0.490303668
0.22,0.113,0.33,0.67,0,257.66,1780000000000,90,90,1,45,3,0,0,0,0,288,0.0304,4050,2.3219,4,0.5278,0.5,0.0105,0,0.6,0.68,8,0,0,1,0,0.871545102
1.1,0.625,0.17,0.83,0,68.17,1860000000000,50,50,1,30,3,0,0,0,0,180,0.0119,1250,2.3219,6,0.482,0.5,0.0101,0,0.52,0.77,6,0,0,1,0,0.668110443
0.22,0.113,0.2,0.77,0.03,362.86,4044150000000,70,70,1,45,3,0,0,0,0,180,0.019,2450,2.3219,12,0.5482,0.5,0.0091,0,0.6,0.31,3,0,0,1,0,0.549309625
0.22,0.113,0.36,0.64,0,68.67,933139000000,50,50,1,45,3,0,0,0,0,144,0.014,1250,2.3219,11,0.3676,0.7,0.0101,0,0.69,0.45,6,0,0,1,0,0.098791449
1.1,0.625,0.47,0.5,0.03,165.26,1670000000000,90,90,1,70,5,0,0,0,0,135,0.0371,4050,2.3219,10,0.3289,0.5,0.0086,0,0.66,0.56,4,0,0,1,0,0.19088816
2,0.267,0.3,0.6,0.1,218.2,4066990000000,90,50,1,45,5,0,0,0,0,180,0.0228,2250,2.3219,2,0.3398,0,0,1,0.67,0.24,9,0,0,1,0,0.495508449
0.22,0.113,0.31,0.69,0,188.34,1440000000000,90,90,0,0,0,1,10,6,0,140,0.0406,4050,2.3219,14,0.2247,0.6,0.0147,0,0.74,0.46,4,0,0,1,0,0.426090121
0.22,0.113,0.07,0.93,0,376,2980000000000,90,90,1,70,4,0,0,0,0,266.6667,0.036,4050,2.3219,17,0.389,0.6,0.0101,0,0.51,0.57,12,0,0,1,0,0.859688132
0.22,0.113,0.72,0.28,0,51.05,451000000000,70,70,1,70,5,0,0,0,0,120,0.0276,2450,2.3219,8,0.218,0.8,0.0108,0,0.55,0.48,6,0,0,1,0,0.732066961
0.22,0.113,0.24,0.76,0,382.72,2890000000000,90,90,1,45,3,0,0,0,0,270,0.0294,4050,2.3219,9,0.5423,0.6,0.0147,0,0.61,0.58,12,0,0,1,0,0.980560161
1.1,0.625,0.33,0.67,0,101.88,1854880000000,50,90,1,30,3,0,0,0,0,180,0.0171,2250,2.3219,3,0.5447,1,0.0137,0,0.42,0.57,6,0,0,1,0,0.327254829
0.22,0.113,0.97,0.03,0,23.24,300000000000,50,50,0,0,0,1,0,4,0,180,0.0163,1250,2.3219,2,0.0784,1,0.0004,0,0.91,0.59,4,0,0,1,0,0.253018266
0.22,0.113,0.31,0.62,0.07,159.81,1750000000000,90,90,0,0,0,1,20,4,0,298.9831,0.0416,4050,2.3219,18,0.2279,0.6,0.0129,0,0,0,0,0,0,1,0,0.169717942
0.22,0.113,0.41,0.59,0,89.07,801000000000,50,50,1,15,4,0,0,0,0,180,0.0101,1250,2.3219,2,0.5624,1,0.0006,0,0.64,0.51,2,0,0,1,0,0.342027748
0.22,0.113,0.33,0.67,0,257.66,1779240000000,90,90,1,45,3,0,0,0,0,288,0.0304,4050,2.3219,4,0.5278,0.5,0.0105,0,0.6,0.68,8,0,0,1,0,0.893186941
0.22,0.113,0.72,0.28,0,66.34,406000000000,50,50,1,70,4,0,0,0,0,360,0.0154,1250,2.3219,1,0.2288,0,0,1,0.51,0.68,6,0,0,1,0,0.937317321
0.22,0.113,0.13,0.87,0,318.9,2030000000000,90,90,1,30,3,0,0,0,0,180,0.0237,4050,2.3219,3,0.6468,0.3,0.0115,0,0.46,0.47,4,0,0,1,0,0.137387924
0.22,0.113,0.8,0.2,0,103.64,914000000000,50,50,1,30,4,0,0,0,0,180,0.0138,1250,2.3219,5,0.352,0.8,0.0084,0,0.65,0.5,2,0,0,1,0,0.86361735
0.22,0.113,0.28,0.72,0,138.64,905000000000,70,70,1,70,3,0,0,0,0,160,0.024,2450,2.3219,9,0.3892,0.3,0.0092,0,0.58,0.44,6,0,0,1,0,0.538480946
0.22,0.113,0.4,0.6,0,131.4,1267550000000,70,70,1,15,4,0,0,0,0,90,0.0154,2450,2.3219,5,0.6257,0.8,0.0067,0,0.51,0.61,6,0,0,1,0,0.800212123
0.22,0.113,0.37,0.63,0,65.96,1020000000000,70,70,0,0,0,1,20,2,0,184.6154,0.0292,2450,2.3219,24,0.15,0.6,0.0115,0,0.48,0.68,6,0,0,1,0,0.539946147
0.22,0.113,0.43,0.57,0,138.65,1480000000000,70,70,1,45,4,0,0,0,0,308.5714,0.0213,2450,2.3219,6,0.4414,0.8,0.009,0,0,0,0,0,0,1,0,0.533636854
0.22,0.113,0.23,0.77,0,346.41,2640000000000,90,90,0,0,0,1,20,4,0,300.8955,0.0416,4050,2.3219,24,0.2335,0.5,0.0152,0,0,0,0,0,0,1,0,0.235003587
1.1,0.625,0.31,0.69,0,98.86,1030000000000,90,90,1,30,3,0,0,0,0,221.5385,0.026,4050,2.3219,8,0.6053,0.5,0.0081,0,0.45,0.67,8,0,0,1,0,0.467593476
0.22,0.113,0.9,0.1,0,22.69,207393000000,50,50,1,45,5,0,0,0,0,180,0.0142,1250,2.3219,2,0.3048,0,0,1,0.44,0.57,4,0,0,1,0,0.461280284
0.22,0.113,0.28,0.72,0,217.28,1780000000000,90,90,1,70,3,0,0,0,0,240,0.0296,4050,2.3219,3,0.5368,0.7,0.0033,0,0.57,0.52,12,0,0,1,0,0.82080482
0.22,0.113,0.61,0.39,0,52.62,466000000000,50,50,1,45,5,0,0,0,0,180,0.0156,1250,2.3219,3,0.2424,1,0.0082,0,0.61,0.7,6,0,0,1,0,0.457196409
1.1,0.625,1,0,0,4.23,120000000000,70,70,1,15,4,0,0,0,0,180,0.0142,2450,2.3219,3,0.6529,0.7,0.0047,0,0,0,0,0,0,1,0,0.049954103
0.22,0.113,0.9,0.1,0,26.15,238772000000,50,50,1,70,3,0,0,0,0,180,0.0151,1250,2.3219,3,0.2944,1,0.0105,0,0.39,0.38,2,0,0,1,0,0.943434244
0.22,0.113,0.53,0.47,0,104.74,741000000000,70,70,1,45,5,0,0,0,0,332.3077,0.0252,2450,2.3219,5,0.3212,0.4,0.0103,0,0.55,0.44,3,0,0,1,0,0.058288326
0.22,0.113,0.27,0.73,0,267.2,2440000000000,90,90,1,70,4,0,0,0,0,120,0.0375,4050,2.3219,11,0.3701,0.5,0.0195,0,0.47,0.41,8,0,0,1,0,0.514571897
0.22,0.113,0.83,0.17,0,42.82,359000000000,50,50,1,45,4,0,0,0,0,90,0.0147,1250,2.3219,4,0.2976,1,0.0068,0,0.3,0.63,4,0,0,1,0,0.49248939
0.22,0.113,0.27,0.73,0,238.8,3110000000000,90,90,1,30,5,0,0,0,0,360,0.0314,4050,2.3219,2,0.4767,1,0.0175,0,0.56,0.46,8,0,0,1,0,0.054640053
0.22,0.113,0.5,0.47,0.03,148.06,1799170000000,90,90,1,70,5,0,0,0,0,110.7692,0.0415,4050,2.3219,13,0.2514,0.5,0.0096,0,0.66,0.43,8,0,0,1,0,0.30478494
2,0.267,0.55,0.14,0.31,223.59,3440000000000,50,50,1,70,3,0,0,0,0,120,0.015,1250,2.3219,5,0.2952,0.4,0.0061,0,0,0,0,0,0,1,0,0.752757457
0.22,0.113,0.45,0.55,0,78.48,679000000000,50,50,1,45,4,0,0,0,0,90,0.0141,1250,2.3219,4,0.2864,0.5,0.0052,0,0.37,0.73,6,0,0,1,0,0.271080539
2,0.267,0.53,0.47,0,52.69,513000000000,50,50,1,30,3,0,0,0,0,360,0.0123,1250,2.3219,2,0.4512,1,0.0106,0,0.62,0.54,6,0,0,1,0,0.877963158
0.22,0.113,0.1,0.9,0,540.56,3800000000000,90,90,1,15,4,0,0,0,0,180,0.0234,4050,2.3219,2,0.6457,1,0.0001,0,0.62,0.56,8,0,0,1,0,0.768341535
0.22,0.113,0.85,0.15,0,17.44,338000000000,50,50,1,45,3,0,0,0,0,216,0.0139,1250,2.3219,7,0.3676,0.7,0.0123,0,0.52,0.69,2,0,0,1,0,0.058261584
2,0.267,0.63,0,0.37,38.54,2568990000000,70,50,1,15,5,0,0,0,0,180,0.0126,1750,2.3219,2,0.5891,0,0,1,0,0,0,0,0,1,0,0.918472096
0.22,0.113,0.64,0.36,0,51.76,480000000000,50,50,1,45,3,0,0,0,0,60,0.0127,1250,2.3219,6,0.404,0.7,0.0091,0,0.68,0.26,2,0,0,1,0,0.488133394
0.22,0.113,0.2,0.8,0,267.56,2730000000000,90,90,1,30,3,0,0,0,0,180,0.0218,4050,2.3219,2,0.679,0,0,1,0.39,0.62,8,0,0,1,0,0.690135593
0.22,0.113,0.63,0.37,0,53.31,457000000000,50,50,1,15,5,0,0,0,0,180,0.0128,1250,2.3219,3,0.3884,1,0.0077,0,0.62,0.55,6,0,0,1,0,0.016763992
0.22,0.113,0.27,0.73,0,386.42,2243130000000,90,90,1,30,4,0,0,0,0,180,0.023,4050,2.3219,4,0.6383,0.2,0.008,0,0.59,0.42,8,0,0,1,0,0.323716695
0.22,0.113,0.13,0.87,0,554.16,3730000000000,90,90,0,0,0,1,30,6,0,210,0.0315,4050,2.3219,10,0.4722,0.7,0.0139,0,0.52,0.49,12,0,0,1,0,0.476026775
0.22,0.113,0.67,0.33,0,137.45,1580000000000,90,90,1,70,5,0,0,0,0,180,0.0379,4050,2.3219,3,0.3074,1,0.0074,0,0.46,0.59,4,0,0,1,0,0.4142318
0.22,0.113,0.67,0.33,0,102.32,901000000000,70,70,1,70,5,0,0,0,0,360,0.0276,2450,2.3219,2,0.2141,1,0.0037,0,0,0,0,0,0,1,0,0.656838574
0.22,0.113,0.8,0.17,0.03,156.32,1510000000000,70,70,1,30,5,0,0,0,0,360,0.0208,2450,2.3219,2,0.4378,1,0.0085,0,0,0,0,0,0,1,0,0.898539731
2,0.267,0.33,0.5,0.17,387.14,4120000000000,90,90,1,45,5,0,0,0,0,360,0.0351,4050,2.3219,2,0.4033,1,0.0132,0,0.56,0.56,8,0,0,1,0,0.26253145
0.22,0.113,0.31,0.69,0,128.07,1515660000000,70,70,1,70,3,0,0,0,0,130.9091,0.0257,2450,2.3219,13,0.3637,0.7,0.0123,0,0.61,0.52,6,0,0,1,0,0.881869086
1.1,0.625,0.47,0.5,0.03,165.26,1668150000000,90,90,1,70,5,0,0,0,0,135,0.0371,4050,2.3219,10,0.3289,0.5,0.0086,0,0.66,0.56,4,0,0,1,0,0.034673015
0.22,0.113,0.33,0.67,0,311.55,2410000000000,70,70,1,45,3,0,0,0,0,320,0.022,2450,2.3219,5,0.4563,0.4,0.0128,0,0,0,0,0,0,1,0,0.010714062
2,0.267,0.6,0.3,0.1,76.05,2750000000000,50,50,1,45,5,0,0,0,0,180,0.014,1250,2.3219,2,0.3292,0,0,1,0.74,0.56,4,0,0,1,0,0.884275302
0.22,0.113,1,0,0,21.79,256000000000,50,50,1,15,5,0,0,0,0,180,0.0129,1250,2.3219,2,0.402,0,0,1,0,0,0,0,0,1,0,0.16695339
0.22,0.113,0.5,0.5,0,153.07,1050000000000,70,70,1,15,4,0,0,0,0,90,0.0153,2450,2.3219,4,0.6261,1,0.0063,0,0,0,0,0,0,1,0,0.783431652
0.22,0.113,0.27,0.73,0,210.34,1680000000000,90,90,1,45,5,0,0,0,0,288,0.0354,4050,2.3219,6,0.4074,0.8,0.0069,0,0.73,0.62,8,0,0,1,0,0.63327228
0.22,0.113,0.67,0.33,0,137.45,1579440000000,90,90,1,70,5,0,0,0,0,180,0.0379,4050,2.3219,3,0.3074,1,0.0074,0,0.46,0.59,4,0,0,1,0,0.85468557
0.22,0.113,1,0,0,26.83,226000000000,50,50,1,70,4,0,0,0,0,180,0.0154,1250,2.3219,2,0.232,0,0,1,0,0,0,0,0,1,0,0.788700444
2,0.267,0.33,0.07,0.6,500.05,4540000000000,50,50,1,70,3,0,0,0,0,360,0.0139,1250,2.3219,1,0.3284,0,0,1,0,0,0,0,0,1,0,0.202915211
0.22,0.113,0.27,0.73,0,254.97,2212530000000,90,90,1,70,4,0,0,0,0,180,0.0378,4050,2.3219,9,0.353,0.6,0.0112,0,0.52,0.54,12,0,0,1,0,0.367774423
0.22,0.113,0.43,0.57,0,107.35,1120000000000,70,70,1,70,4,0,0,0,0,240,0.0275,2450,2.3219,5,0.2492,0.8,0.0097,0,0.4,0.47,6,0,0,1,0,0.05215515
1.1,0.625,0.79,0.21,0,57.48,538000000000,70,70,1,45,5,0,0,0,0,180,0.0244,2450,2.3219,3,0.3288,1,0.0071,0,0.86,0.7,3,0,0,1,0,0.023869711
0.22,0.113,0.2,0.8,0,307.78,3030000000000,90,90,1,70,3,0,0,0,0,270,0.0347,4050,2.3219,22,0.4381,0.6,0.0113,0,0.62,0.42,8,0,0,1,0,0.375559723
0.22,0.113,0.13,0.87,0,340.77,2690000000000,90,90,1,70,4,0,0,0,0,313.0435,0.0352,4050,2.3219,8,0.392,0.5,0.0103,0,0.57,0.27,4,0,0,1,0,0.540227462
0.22,0.113,0.17,0.83,0,533.29,3420000000000,70,70,0,0,0,1,30,4,0,300,0.0225,2450,2.3219,9,0.4386,0.3,0.0124,0,0.66,0.64,3,0,0,1,0,0.197255231
2,0.267,0.45,0.55,0,35.28,789586000000,50,70,0,0,0,1,30,6,0,300,0.0084,1750,2.3219,8,0.7631,0.5,0.123,0.0001,0.53,0.74,6,0,0,1,0,0.153230807
0.22,0.113,0.8,0.2,0,103.64,914493000000,50,50,1,30,4,0,0,0,0,180,0.0138,1250,2.3219,5,0.352,0.8,0.0084,0,0.65,0.5,2,0,0,1,0,0.446061637
0.22,0.113,0.62,0.38,0,82.19,660000000000,70,70,1,70,5,0,0,0,0,360,0.0252,2450,2.3219,2,0.2831,1,0.0733,0,0.47,0.61,9,0,0,1,0,0.36519416
0.22,0.113,0.03,0.33,0.63,17.14,5790000000000,90,90,1,15,5,0,0,0,0,270,0.0245,4050,2.3219,4,0.6251,1,0.0113,0,0.42,0.59,4,0,0,1,0,0.661386844
0.22,0.113,0.23,0.73,0.03,154.16,2010000000000,70,70,1,30,3,0,0,0,0,180,0.0176,2450,2.3219,2,0.5865,0,0,1,0,0,0,0,0,1,0,0.929522419
2,0.267,0.41,0.55,0.03,257.72,2680000000000,70,70,1,70,3,0,0,0,0,180,0.0254,2450,2.3219,13,0.3649,0.5,0.0165,0,0.64,0.78,6,0,0,1,0,0.625511403
2,0.267,0.07,0.43,0.5,10.61,5780000000000,50,50,1,45,3,0,0,0,0,180,0.0144,1250,2.3219,10,0.334,0.6,0.0097,0,0.57,0.62,2,0,0,1,0,0.982414975
0.22,0.113,0.27,0.73,0,278.77,2670000000000,70,70,1,15,4,0,0,0,0,120,0.0179,2450,2.3219,4,0.5557,0.5,0.0063,0,0.51,0.53,6,0,0,1,0,0.336963454
0.22,0.113,0.17,0.83,0,334.01,2890000000000,70,70,1,45,3,0,0,0,0,180,0.0224,2450,2.3219,5,0.4559,0.4,0.008,0,0.55,0.55,6,0,0,1,0,0.93049976
0.22,0.113,0.28,0.72,0,298.31,2250000000000,50,50,1,15,3,0,0,0,0,180,0.0105,1250,2.3219,2,0.5252,0,0,1,0.57,0.57,6,0,0,1,0,0.238144822
1.1,0.625,0.93,0.07,0,36.5,416000000000,70,70,1,70,5,0,0,0,0,180,0.026,2450,2.3219,4,0.2743,1,0.0069,0,0,0,0,0,0,1,0,0.182242911
0.22,0.113,0.76,0.24,0,74.74,589000000000,70,70,1,45,4,0,0,0,0,360,0.0214,2450,2.3219,3,0.4312,0.3,0.007,0,0.39,0.48,9,0,0,1,0,0.180537102
0.22,0.113,0.54,0.46,0,135.12,935000000000,50,50,1,15,4,0,0,0,0,180,0.01,1250,2.3219,3,0.5484,1,0.0064,0,0.71,0.56,4,0,0,1,0,0.448448874
0.22,0.113,0.61,0.39,0,22.48,171725000000,50,50,1,15,3,0,0,0,0,180,0.0098,1250,2.3219,3,0.5668,1,0.0054,0,0.72,0.62,4,0,0,1,0,0.025205043
0.22,0.113,0.4,0.6,0,250.08,2070000000000,90,90,1,45,5,0,0,0,0,144,0.0329,4050,2.3219,7,0.4419,0.4,0.0092,0,0,0,0,0,0,1,0,0.706375937
2,0.267,0.27,0.7,0.03,219.14,2865480000000,70,70,1,15,5,0,0,0,0,216,0.019,2450,2.3219,5,0.5106,0.6,0.0088,0,0.66,0.6,9,0,0,1,0,0.298958287
0.22,0.113,0.48,0.52,0,87.74,876000000000,90,90,1,70,5,0,0,0,0,225,0.0393,4050,2.3219,10,0.3051,0.5,0.0108,0,0.48,0.63,8,0,0,1,0,0.603818322
2,0.267,0.31,0.66,0.03,248.99,2990000000000,90,90,1,45,3,0,0,0,0,187.8261,0.0287,4050,2.3219,9,0.5422,0.3,0.017,0,0.66,0.44,12,0,0,1,0,0.433789729
2,0.267,0.5,0.27,0.23,76.86,3410000000000,50,50,1,30,5,0,0,0,0,360,0.0148,1250,2.3219,1,0.2936,0,0,1,0.25,0.32,2,0,0,1,0,0.522457495
0.22,0.113,0.93,0.07,0,42.03,519000000000,70,70,0,0,0,1,0,6,0,180,0.0295,2450,2.3219,2,0.0563,0,0,1,0.65,0.62,3,0,0,1,0,0.095704661
2,0.267,0.5,0.5,0,5.76,100325000000,50,50,1,15,3,0,0,0,0,180,0.0096,1250,2.3219,2,0.606,0,0,1,0.72,0.68,2,0,0,1,0,0.026061808
0.22,0.113,0.2,0.8,0,466.45,3360000000000,70,70,0,0,0,1,20,6,0,270,0.02,2450,2.3219,7,0.4994,0.6,0.0127,0,0.57,0.6,9,0,0,1,0,0.857430007
1.1,0.625,0.71,0.29,0,26.3,243000000000,50,50,1,15,5,0,0,0,0,180,0.0113,1250,2.3219,2,0.4828,0,0,1,0.85,0.66,4,0,0,1,0,0.059261127
0.22,0.113,0.47,0.53,0,187.46,1410000000000,90,90,0,0,0,1,10,6,0,281.25,0.0408,4050,2.3219,14,0.2314,0.6,0.0127,0,0.46,0.39,8,0,0,1,0,0.780869534
2,0.267,0.39,0.57,0.04,272.85,3292260000000,70,70,1,15,4,0,0,0,0,180,0.0162,2450,2.3219,3,0.6135,1,0.0046,0,0.58,0.67,6,0,0,1,0,0.880892943
0.22,0.113,0.17,0.83,0,357.19,2810000000000,70,70,1,15,3,0,0,0,0,180,0.0145,2450,2.3219,2,0.6729,0,0,1,0.9,0.69,3,0,0,1,0,0.431382513
0.22,0.113,0.1,0.9,0,346,3194510000000,90,90,1,30,4,0,0,0,0,240,0.0264,4050,2.3219,7,0.5727,0.4,0.0078,0,0.46,0.4,4,0,0,1,0,0.894225855
0.22,0.113,0.77,0.23,0,37.21,285000000000,50,50,1,70,5,0,0,0,0,180,0.0149,1250,2.3219,2,0.2592,0,0,1,0.34,0.6,4,0,0,1,0,0.704754981
1.1,0.625,0.43,0.57,0,70.01,1446480000000,50,90,0,0,0,1,10,4,0,231.4286,0.0256,2250,2.3219,12,0.2091,0.7,0.017,0,0.67,0.61,6,0,0,1,0,0.647129371
0.22,0.113,0.55,0.45,0,38.2,455000000000,50,50,1,30,5,0,0,0,0,180,0.0135,1250,2.3219,3,0.3544,1,0.0076,0,0.45,0.68,2,0,0,1,0,0.06628606
0.22,0.113,0.23,0.77,0,190.78,1830000000000,70,70,0,0,0,1,40,2,0,200,0.0285,2450,2.3219,29,0.2327,0.5,0.0121,0,0.56,0.82,6,0,0,1,0,0.350241387
0.22,0.113,0.39,0.61,0,146.61,1430000000000,70,70,1,70,3,0,0,0,0,80,0.0236,2450,2.3219,9,0.3831,0.3,0.0068,0,0,0,0,0,0,1,0,0.918486577
1.1,0.625,0.3,0.7,0,233.9,2519840000000,70,90,1,70,4,0,0,0,0,240,0.0299,3150,2.3219,8,0.3527,0.6,0.0083,0,0.64,0.58,9,0,0,1,0,0.476647864
0.22,0.113,0.3,0.7,0,147.43,1480000000000,90,90,1,70,4,0,0,0,0,240,0.0382,4050,2.3219,12,0.3425,0.3,0.0107,0,0.63,0.64,8,0,0,1,0,0.445526348
0.22,0.113,0.64,0.36,0,29.08,336000000000,50,50,1,70,5,0,0,0,0,180,0.015,1250,2.3219,2,0.2472,0,0,1,0.39,0.71,4,0,0,1,0,0.74332703
2,0.267,0.43,0.07,0.5,180.74,4300000000000,70,70,1,15,5,0,0,0,0,180,0.0167,2450,2.3219,2,0.5924,0,0,1,0,0,0,0,0,1,0,0.911327279
1.1,0.625,0.4,0.6,0,45.78,1221820000000,50,90,0,0,0,1,10,2,0,67.5,0.0274,2250,2.3219,14,0.1098,0.4,0.0134,0,0.77,0.6,9,0,0,1,0,0.508804306
0.22,0.113,0.57,0.43,0,162.83,1090000000000,70,70,1,30,5,0,0,0,0,180,0.0231,2450,2.3219,6,0.3851,0.3,0.0098,0,0.22,0.57,3,0,0,1,0,0.958482991
1.1,0.625,0.48,0.52,0,64.03,689862000000,50,90,1,15,5,0,0,0,0,180,0.0163,2250,2.3219,2,0.5542,1,0.0013,0,0.64,0.43,6,0,0,1,0,0.157967192
1.1,0.625,1,0,0,8.3,70000000070,70,70,1,45,3,0,0,0,0,180,0.0206,2450,2.3219,3,0.5163,0.3,0.0073,0,0.34,0.48,3,0,0,1,0,0.02743008
2,0.267,0.33,0,0.67,105.52,4790000000000,50,50,1,70,4,0,0,0,0,180,0.0147,1250,2.3219,2,0.2748,0,0,1,0,0,0,0,0,1,0,0.394644393
0.22,0.113,0.03,0.33,0.63,12.33,5981660000000,70,70,1,30,4,0,0,0,0,332.3077,0.0228,2450,2.3219,4,0.4039,0.8,0.0116,0,0.73,0.3,3,0,0,1,0,0.620978284
2,0.267,0.39,0.61,0,153.01,1760000000000,50,50,1,15,4,0,0,0,0,180,0.0098,1250,2.3219,3,0.572,1,0.0037,0,0.46,0.56,4,0,0,1,0,0.397381302
0.22,0.113,0.2,0.8,0,318.74,2482240000000,90,90,1,45,4,0,0,0,0,300,0.0312,4050,2.3219,6,0.4847,0.7,0.0084,0,0.58,0.69,8,0,0,1,0,0.348542175
1.1,0.625,0.3,0.7,0,117.74,1710000000000,70,70,1,70,3,0,0,0,0,276.9231,0.0255,2450,2.3219,17,0.3631,0.3,0.0117,0,0.57,0.51,6,0,0,1,0,0.628422849
0.22,0.113,0.55,0.45,0,98.27,777000000000,70,70,1,15,5,0,0,0,0,360,0.0142,2450,2.3219,1,0.6371,0,0,1,0.55,0.46,9,0,0,1,0,0.474437411
0.22,0.113,0.27,0.73,0,398.8,2780000000000,90,90,1,30,5,0,0,0,0,276.9231,0.0294,4050,2.3219,6,0.5131,0.3,0.0105,0,0.55,0.39,12,0,0,1,0,0.980536739
0.22,0.113,0.7,0.3,0,76.79,646000000000,70,70,1,70,5,0,0,0,0,180,0.0272,2450,2.3219,5,0.2271,0.6,0.0097,0,0.57,0.55,3,0,0,1,0,0.848450662
1.1,0.625,0.63,0.37,0,16.36,172573000000,50,90,1,15,4,0,0,0,0,180,0.015,2250,2.3219,2,0.6129,0,0,1,0.62,0.47,6,0,0,1,0,0.876842908
1.1,0.625,0.57,0.36,0.07,38.63,995000000000,70,70,1,30,4,0,0,0,0,90,0.0189,2450,2.3219,4,0.5269,1,0.0042,0,0,0,0,0,0,1,0,0.532821743
2,0.267,0.2,0.47,0.33,324.82,5010000000000,90,90,1,15,5,0,0,0,0,180,0.0261,4050,2.3219,2,0.5837,0,0,1,0.66,0.64,4,0,0,1,0,0.861784912
2,0.267,0.1,0.8,0.1,371.28,5202330000000,70,70,1,30,5,0,0,0,0,240,0.0219,2450,2.3219,2,0.4171,1,0.0082,0,0.74,0.55,9,0,0,1,0,0.015768578
0.22,0.113,1,0,0,26.83,225655000000,50,50,1,70,4,0,0,0,0,180,0.0154,1250,2.3219,2,0.232,0,0,1,0,0,0,0,0,1,0,0.414948573
0.22,0.113,0.62,0.38,0,118.73,874000000000,70,70,1,45,5,0,0,0,0,180,0.025,2450,2.3219,2,0.321,0,0,1,0.63,0.65,6,0,0,1,0,0.322343621
0.22,0.113,0.93,0.07,0,19.6,188452000000,50,50,1,15,5,0,0,0,0,90,0.0108,1250,2.3219,4,0.5092,0.5,0.0054,0,0,0,0,0,0,1,0,0.129250168
0.22,0.113,0.68,0.32,0,31.03,240000000000,50,50,1,15,4,0,0,0,0,180,0.0104,1250,2.3219,2,0.5184,0,0,1,0.78,0.65,2,0,0,1,0,0.061878158
0.22,0.113,0.1,0.87,0.03,490.38,4340000000000,70,70,1,45,3,0,0,0,0,120,0.021,2450,2.3219,3,0.4718,0,0.006,0,0.35,0.76,3,0,0,1,0,0.857806981
0.22,0.113,0.93,0.07,0,47.73,654000000000,90,90,0,0,0,1,0,2,0,180,0.0454,4050,2.3219,2,0.044,0,0,1,0.58,0.65,4,0,0,1,0,0.790415488
0.22,0.113,0.64,0.36,0,51.76,479532000000,50,50,1,45,3,0,0,0,0,60,0.0127,1250,2.3219,6,0.404,0.7,0.0091,0,0.68,0.26,2,0,0,1,0,0.163851306
0.22,0.113,1,0,0,46.71,678000000000,90,90,0,0,0,1,0,2,0,180,0.0454,4050,2.3219,2,0.044,0,0,1,0,0,0,0,0,1,0,0.468542188
0.22,0.113,0.93,0.07,0,30.49,244000000000,50,50,1,15,5,0,0,0,0,180,0.011,1250,2.3219,2,0.5032,0,0,1,0,0,0,0,0,1,0,0.057439617
0.22,0.113,0.27,0.73,0,291.8,2430000000000,90,90,1,30,3,0,0,0,0,360,0.0219,4050,2.3219,2,0.671,1,0.0258,0,0.49,0.6,12,0,0,1,0,0.311428894
0.22,0.113,0.07,0.93,0,464.17,3803430000000,50,50,1,15,3,0,0,0,0,90,0.0114,1250,2.3219,4,0.5188,0.5,0.0073,0,0.52,0.65,6,0,0,1,0,0.208888303
1.1,0.625,0.14,0.86,0,191.51,3210000000000,90,90,1,70,3,0,0,0,0,180,0.0329,4050,2.3219,7,0.4836,0.3,0.0071,0,0.71,0.51,12,0,0,1,0,0.710681159
0.22,0.113,0.45,0.55,0,205.81,1830000000000,90,90,1,70,4,0,0,0,0,240,0.0344,4050,2.3219,4,0.414,0.2,0.0088,0,0.52,0.56,4,0,0,1,0,0.519071311
0.22,0.113,0.48,0.52,0,87.74,875652000000,90,90,1,70,5,0,0,0,0,225,0.0393,4050,2.3219,10,0.3051,0.5,0.0108,0,0.48,0.63,8,0,0,1,0,0.231838686
0.22,0.113,0.97,0.03,0,63.21,471000000000,70,70,1,70,5,0,0,0,0,360,0.0272,2450,2.3219,3,0.2578,0.3,0.0123,0,0,0,0,0,0,1,0,0.88011256
0.22,0.113,0.93,0.07,0,26.6,303000000000,50,50,0,0,0,1,10,4,0,270,0.0139,1250,2.3219,6,0.3196,0.5,0.0146,0,0.63,0.39,2,0,0,1,0,0.24523308
0.22,0.113,0.72,0.28,0,59.79,515355000000,70,70,1,70,5,0,0,0,0,360,0.0271,2450,2.3219,1,0.25,0,0,1,0.57,0.54,9,0,0,1,0,0.595669135
2,0.267,0.28,0.66,0.07,234.52,3750000000000,70,70,1,70,3,0,0,0,0,108,0.0248,2450,2.3219,10,0.3708,0.5,0.0102,0,0.47,0.37,3,0,0,1,0,0.625831786
0.22,0.113,0.96,0.04,0,11.93,129000000000,70,70,1,15,3,0,0,0,0,180,0.0143,2450,2.3219,4,0.6857,1,0.0092,0,0,0,0,0,0,1,0,0.488179624
0.22,0.113,0.17,0,0.83,13.29,5390000000000,70,70,1,70,3,0,0,0,0,135,0.024,2450,2.3219,8,0.4018,0.2,0.0086,0,0,0,0,0,0,1,0,0.295730553
1.1,0.625,1,0,0,4.23,120400000000,70,70,1,15,4,0,0,0,0,180,0.0142,2450,2.3219,3,0.6529,0.7,0.0047,0,0,0,0,0,0,1,0,0.533587955
0.22,0.113,0.3,0.7,0,226.99,1890000000000,90,90,1,30,5,0,0,0,0,240,0.0323,4050,2.3219,3,0.4452,1,0.0059,0,0.51,0.51,12,0,0,1,0,0.271070742
0.22,0.113,0.55,0.45,0,63.63,492000000000,50,50,1,30,4,0,0,0,0,90,0.0119,1250,2.3219,4,0.4624,0.5,0.0052,0,0.52,0.55,6,0,0,1,0,0.925811138
0.22,0.113,0.33,0.67,0,165.99,1320000000000,70,70,1,15,5,0,0,0,0,90,0.0202,2450,2.3219,4,0.4851,0.5,0.0037,0,0.6,0.54,9,0,0,1,0,0.867967647
0.22,0.113,0.8,0.2,0,33.28,286000000000,50,50,1,30,3,0,0,0,0,180,0.0106,1250,2.3219,6,0.5244,0.5,0.0089,0,0,0,0,0,0,1,0,0.664545503
2,0.267,0.33,0.33,0.33,283.95,4620000000000,90,90,1,70,4,0,0,0,0,308.5714,0.0371,4050,2.3219,5,0.3574,0.4,0.0069,0,0,0,0,0,0,1,0,0.12848699
0.22,0.113,0.52,0.48,0,28.05,310159000000,50,50,1,70,4,0,0,0,0,180,0.0137,1250,2.3219,2,0.314,0,0,1,0.64,0.48,6,0,0,1,0,0.844670131
0.22,0.113,0.64,0.36,0,32.06,301000000000,50,50,1,45,4,0,0,0,0,180,0.0133,1250,2.3219,3,0.3576,1,0.0106,0,0.63,0.61,6,0,0,1,0,0.775289273
0.22,0.113,0.1,0.9,0,290.09,1845790000000,90,90,1,15,3,0,0,0,0,90,0.0196,4050,2.3219,4,0.7065,1,0.0024,0,0.56,0.62,12,0,0,1,0,0.73802814
2,0.267,1,0,0,31.15,205000000000,90,90,1,15,3,0,0,0,0,180,0.0184,4050,2.3219,2,0.7427,0,0,1,0,0,0,0,0,1,0,0.710556941
1.1,0.625,0.43,0.57,0,76,1430000000000,70,70,1,15,5,0,0,0,0,180,0.0174,2450,2.3219,2,0.5753,0,0,1,0.58,0.54,6,0,0,1,0,0.320748428
0.22,0.113,0.9,0.1,0,58.37,459000000000,50,50,1,30,4,0,0,0,0,360,0.0121,1250,2.3219,1,0.45,0,0,1,0,0,0,0,0,1,0,0.419373381
0.22,0.113,0.07,0,0.93,16.23,5790000000000,90,90,1,45,3,0,0,0,0,320,0.0309,4050,2.3219,5,0.5091,0.8,0.0121,0,0,0,0,0,0,1,0,0.458019392
2,0.267,1,0,0,24.37,170800000000,50,50,1,45,3,0,0,0,0,180,0.0134,1250,2.3219,6,0.3768,0.3,0.0059,0,0.78,0.53,4,0,0,1,0,0.464514593
0.22,0.113,0.5,0.47,0.03,170.25,1522010000000,70,70,1,30,4,0,0,0,0,240,0.0187,2450,2.3219,3,0.5318,0.7,0.0039,0,0,0,0,0,0,1,0,0.901883331
1.1,0.625,0.59,0.41,0,38.24,792000000000,90,90,1,70,4,0,0,0,0,288,0.0363,4050,2.3219,5,0.3752,0.6,0.0093,0,0.55,0.46,4,0,0,1,0,0.435573743
0.22,0.113,0.83,0.17,0,50.64,454000000000,50,50,1,70,5,0,0,0,0,180,0.0151,1250,2.3219,2,0.2364,0,0,1,0.61,0.81,2,0,0,1,0,0.274377873
1.1,0.625,0.41,0.59,0,108.24,1800000000000,90,90,1,70,5,0,0,0,0,320,0.0393,4050,2.3219,5,0.3053,0.6,0.009,0,0.54,0.63,8,0,0,1,0,0.729607003
0.22,0.113,0.52,0.48,0,63.02,893000000000,70,70,1,45,5,0,0,0,0,249.2308,0.0268,2450,2.3219,8,0.2798,0.2,0.009,0,0.59,0.49,6,0,0,1,0,0.327262347
0.22,0.113,0.17,0.83,0,301.19,3220000000000,90,90,1,15,4,0,0,0,0,180,0.0187,4050,2.3219,2,0.7214,0,0,1,0.49,0.57,12,0,0,1,0,0.540083806
2,0.267,0.43,0.47,0.1,200.52,2720000000000,50,50,1,45,5,0,0,0,0,90,0.0153,1250,2.3219,4,0.2476,0.5,0.0078,0,0.5,0.57,6,0,0,1,0,0.139731205
0.22,0.113,0.41,0.55,0.03,221.37,3090000000000,50,50,0,0,0,1,20,4,0,360,0.0109,1250,2.3219,2,0.5272,1,0.014,0,0.54,0.26,2,0,0,1,0,0.078276072
1.1,0.625,0.59,0.41,0,31.53,263000000000,50,50,1,70,4,0,0,0,0,144,0.015,1250,2.3219,4,0.234,1,0.0081,0,0.54,0.42,6,0,0,1,0,0.162624684
0.22,0.113,0.14,0.86,0,446.94,3440000000000,90,90,1,15,3,0,0,0,0,360,0.018,4050,2.3219,1,0.7409,0,0,1,0.58,0.57,4,0,0,1,0,0.111782672
0.22,0.113,0.57,0.43,0,189.5,1310000000000,70,70,0,0,0,1,10,6,0,180,0.0234,2450,2.3219,2,0.3471,0,0,1,0.52,0.61,9,0,0,1,0,0.91020372
1.1,0.625,0.5,0.18,0.32,73.91,2900000000000,90,90,1,30,3,0,0,0,0,300,0.0267,4050,2.3219,7,0.5937,0.6,0.0108,0,0,0,0,0,0,1,0,0.469072773
0.22,0.113,0.33,0.67,0,193.89,1604150000000,90,70,1,30,5,0,0,0,0,261.8182,0.0277,3150,2.3219,6,0.4025,0.8,0.0061,0,0.63,0.65,9,0,0,1,0,0.728238032
0.22,0.113,0.13,0.87,0,261.69,2860000000000,70,70,1,15,3,0,0,0,0,240,0.0133,2450,2.3219,4,0.6982,1,0.0098,0,0.48,0.58,6,0,0,1,0,0.540095389
0.22,0.113,0.86,0.14,0,63.78,531845000000,70,70,1,70,5,0,0,0,0,120,0.0275,2450,2.3219,4,0.2284,0.5,0.005,0,0,0,0,0,0,1,0,0.20945939
0.22,0.113,0.5,0.5,0,60.44,515000000000,50,50,1,15,4,0,0,0,0,180,0.0098,1250,2.3219,2,0.572,0,0,1,0.4,0.6,6,0,0,1,0,0.157966703
0.22,0.113,0.47,0.53,0,186.22,1550000000000,70,70,1,15,5,0,0,0,0,360,0.02,2450,2.3219,1,0.5024,0,0,1,0.47,0.38,6,0,0,1,0,0.911338714
0.22,0.113,0.18,0.82,0,172.1,1790000000000,70,70,1,70,3,0,0,0,0,144,0.0246,2450,2.3219,10,0.3724,0.6,0.0108,0,0,0,0,0,0,1,0,0.698709267
0.22,0.113,0.93,0.07,0,67.27,509000000000,50,50,1,70,4,0,0,0,0,180,0.0156,1250,2.3219,2,0.232,0,0,1,0.49,0.38,4,0,0,1,0,0.087383832
0.22,0.113,0.71,0.29,0,30.2,320000000000,50,50,0,0,0,1,0,4,0,180,0.0163,1250,2.3219,2,0.0784,1,0.0004,0,0.47,0.5,4,0,0,1,0,0.181636763
0.22,0.113,0.24,0.76,0,223.28,1830000000000,70,70,1,30,4,0,0,0,0,240,0.0204,2450,2.3219,5,0.4886,0.2,0.0098,0,0.59,0.49,6,0,0,1,0,0.179138897
0.22,0.113,0.03,0.8,0.17,16.45,5800000000000,90,90,1,45,4,0,0,0,0,166.1538,0.0319,4050,2.3219,11,0.4759,0.5,0.0124,0,0.45,0.64,12,0,0,1,0,0.006101806
0.22,0.113,0.7,0.3,0,95.44,825160000000,70,70,1,70,4,0,0,0,0,327.2727,0.0258,2450,2.3219,5,0.3235,0.8,0.0179,0,0.49,0.57,3,0,0,1,0,0.998202692
0.22,0.113,0.61,0.39,0,43.46,400000000000,50,50,1,70,3,0,0,0,0,180,0.0147,1250,2.3219,4,0.302,0.5,0.0036,0,0.54,0.4,4,0,0,1,0,0.202922253
0.22,0.113,0.57,0.43,0,68.04,608000000000,70,70,1,30,5,0,0,0,0,180,0.0233,2450,2.3219,6,0.3863,0.5,0.0109,0,0.82,0.56,3,0,0,1,0,0.522452341
0.22,0.113,0.81,0.19,0,9.66,74074074148,50,50,0,0,0,1,20,6,0,240,0.0078,1250,2.3219,10,0.7016,0.4,0.0864,0.0001,0.42,0.43,2,0,0,1,0,0.863631606
0.22,0.113,0.1,0.87,0.03,612.47,4740000000000,70,70,0,0,0,1,30,6,0,160,0.0165,2450,2.3219,8,0.6176,0.6,0.044,0.0001,0.48,0.7,6,0,0,1,0,0.88716139
0.22,0.113,0.14,0.86,0,220.94,2754150000000,90,90,1,45,3,0,0,0,0,288,0.0303,4050,2.3219,5,0.5273,0.6,0.0085,0,0.49,0.57,12,0,0,1,0,0.298030773
0.22,0.113,0.55,0.45,0,101.66,900000000000,70,70,1,45,4,0,0,0,0,205.7143,0.0243,2450,2.3219,6,0.3822,0.7,0.0109,0,0,0,0,0,0,1,0,0.809205596
1.1,0.625,1,0,0,8.3,70000000070,70,70,1,45,3,0,0,0,0,180,0.0206,2450,2.3219,3,0.5163,0.3,0.0073,0,0.34,0.48,3,0,0,1,0,0.240658888
0.22,0.113,0.47,0.53,0,186.22,1551950000000,70,70,1,15,5,0,0,0,0,360,0.02,2450,2.3219,1,0.5024,0,0,1,0.47,0.38,6,0,0,1,0,0.711799613
0.22,0.113,0.57,0.43,0,124.01,1040000000000,50,50,1,30,3,0,0,0,0,120,0.014,1250,2.3219,8,0.3888,0.5,0.0083,0,0.51,0.38,4,0,0,1,0,0.253796989
2,0.267,0.03,0.63,0.33,199.32,5802570000000,70,70,1,70,5,0,0,0,0,180,0.027,2450,2.3219,2,0.2349,0,0,1,0.33,0.63,6,0,0,1,0,0.113480847
0.22,0.113,0.27,0.73,0,259.7,3220000000000,90,90,1,30,5,0,0,0,0,216,0.0299,4050,2.3219,4,0.5022,0.5,0.0102,0,0,0,0,0,0,1,0,0.901860168
2,0.267,0.5,0.27,0.23,76.86,3414280000000,50,50,1,30,5,0,0,0,0,360,0.0148,1250,2.3219,1,0.2936,0,0,1,0.25,0.32,2,0,0,1,0,0.446056102
0.22,0.113,0.41,0.59,0,139.34,1260000000000,70,70,1,30,4,0,0,0,0,72,0.0208,2450,2.3219,6,0.4663,0.3,0.0089,0,0.28,0.61,3,0,0,1,0,0.432804643
0.22,0.113,0.43,0.57,0,276.18,2140000000000,90,90,1,70,3,0,0,0,0,327.2727,0.034,4050,2.3219,12,0.4502,0.5,0.0506,0.0001,0.63,0.42,4,0,0,1,0,0.922103392
0.22,0.113,0.55,0.45,0,60.73,536000000000,50,50,1,70,3,0,0,0,0,90,0.0151,1250,2.3219,6,0.2864,0.7,0.0065,0,0.5,0.56,6,0,0,1,0,0.78225715
0.22,0.113,0.23,0.77,0,91.05,991947000000,70,70,1,45,4,0,0,0,0,154.2857,0.0237,2450,2.3219,6,0.3698,0.7,0.0126,0,0.58,0.64,9,0,0,1,0,0.634241195
2,0.267,0.52,0,0.48,135.25,3430000000000,50,50,1,45,4,0,0,0,0,180,0.0141,1250,2.3219,2,0.3124,1,0.0006,0,0,0,0,0,0,1,0,0.433795039
0.22,0.113,0.33,0.67,0,192.25,1620000000000,50,50,1,15,4,0,0,0,0,360,0.012,1250,2.3219,1,0.4744,0,0,1,0.47,0.41,4,0,0,1,0,0.978877146
1.1,0.625,0.45,0.55,0,43.33,609000000000,50,50,1,70,4,0,0,0,0,120,0.0152,1250,2.3219,4,0.2412,1,0.0063,0,0.75,0.55,6,0,0,1,0,0.474808717
2,0.267,0.2,0.47,0.33,324.82,5012020000000,90,90,1,15,5,0,0,0,0,180,0.0261,4050,2.3219,2,0.5837,0,0,1,0.66,0.64,4,0,0,1,0,0.853255503
2,0.267,0.13,0.8,0.07,422.49,4585230000000,50,90,1,70,4,0,0,0,0,288,0.0249,2250,2.3219,6,0.2836,0.5,0.0153,0,0.38,0.78,6,0,0,1,0,0.896764584
0.22,0.113,0.23,0.77,0,334.43,2318360000000,90,70,1,30,3,0,0,0,0,180,0.0229,3150,2.3219,4,0.5573,0.5,0.0043,0,0.65,0.7,9,0,0,1,0,0.612781942
0.22,0.113,0.43,0.57,0,168.84,1220000000000,70,70,1,30,4,0,0,0,0,180,0.0209,2450,2.3219,5,0.4737,0.6,0.0055,0,0.46,0.56,9,0,0,1,0,0.615505995
1.1,0.625,0.37,0.63,0,115.48,1961650000000,90,70,1,70,4,0,0,0,0,240,0.033,3150,2.3219,6,0.2784,0.5,0.0089,0,0.82,0.69,3,0,0,1,0,0.447143311
2,0.267,0.07,0.57,0.37,457.34,5806970000000,90,90,0,0,0,1,40,2,0,62.6087,0.0451,4050,2.3219,46,0.1601,0.5,0.0146,0,0.48,0.55,8,0,0,1,0,0.203808379
0.22,0.113,0.9,0.1,0,84.41,826000000000,70,70,1,15,5,0,0,0,0,180,0.0155,2450,2.3219,2,0.6251,0,0,1,0,0,0,0,0,1,0,0.040767952
0.22,0.113,0.71,0.29,0,26.4,317000000000,50,50,1,70,3,0,0,0,0,180,0.0148,1250,2.3219,4,0.2964,1,0.0096,0,0.7,0.51,4,0,0,1,0,0.603805999
0.22,0.113,0.1,0.9,0,407.16,3250000000000,90,90,1,30,3,0,0,0,0,300,0.026,4050,2.3219,7,0.6138,0.6,0.0099,0,0,0,0,0,0,1,0,0.779301031
0.22,0.113,0.5,0.47,0.03,148.06,1800000000000,90,90,1,70,5,0,0,0,0,110.7692,0.0415,4050,2.3219,13,0.2514,0.5,0.0096,0,0.66,0.43,8,0,0,1,0,0.197238845
0.22,0.113,0.52,0.48,0,63.02,893293000000,70,70,1,45,5,0,0,0,0,249.2308,0.0268,2450,2.3219,8,0.2798,0.2,0.009,0,0.59,0.49,6,0,0,1,0,0.850270219
1.1,0.625,0.29,0.71,0,222.91,2050000000000,90,90,1,45,3,0,0,0,0,317.6471,0.0291,4050,2.3219,5,0.5521,0.4,0.0103,0,0.59,0.59,8,0,0,1,0,0.262595841
0.22,0.113,0.14,0.86,0,220.94,2750000000000,90,90,1,45,3,0,0,0,0,288,0.0303,4050,2.3219,5,0.5273,0.6,0.0085,0,0.49,0.57,12,0,0,1,0,0.774473973
0.22,0.113,0.43,0.57,0,214.84,1720000000000,70,70,1,15,4,0,0,0,0,180,0.0141,2450,2.3219,2,0.6684,1,0.0008,0,0,0,0,0,0,1,0,0.124108019
1.1,0.625,0.1,0.9,0,124.25,2300000000000,90,90,1,70,4,0,0,0,0,320,0.0352,4050,2.3219,6,0.3907,0.5,0.0088,0,0.49,0.62,8,0,0,1,0,0.431389871
0.22,0.113,0.9,0.1,0,22.69,207000000000,50,50,1,45,5,0,0,0,0,180,0.0142,1250,2.3219,2,0.3048,0,0,1,0.44,0.57,4,0,0,1,0,0.774737426
1.1,0.625,0.5,0.5,0,99.64,1170000000000,70,70,1,45,4,0,0,0,0,90,0.0257,2450,2.3219,6,0.3402,0.3,0.0063,0,0.56,0.54,9,0,0,1,0,0.416014202
2,0.267,0.07,0.73,0.2,14.31,5590000000000,50,50,1,70,5,0,0,0,0,180,0.0157,1250,2.3219,2,0.2072,0,0,1,0.77,0.63,6,0,0,1,0,0.403653096
0.22,0.113,0.79,0.21,0,27.79,335021000000,50,50,1,15,5,0,0,0,0,180,0.011,1250,2.3219,2,0.4832,0,0,1,0.46,0.58,2,0,0,1,0,0.248707646
0.22,0.113,0.72,0.28,0,59.79,515000000000,70,70,1,70,5,0,0,0,0,360,0.0271,2450,2.3219,1,0.25,0,0,1,0.57,0.54,9,0,0,1,0,0.613477059
0.22,0.113,0.43,0.57,0,382.91,2200000000000,50,50,0,0,0,1,30,4,0,294.5455,0.0096,1250,2.3219,9,0.6364,0.4,0.0109,0,0.57,0.49,6,0,0,1,0,0.08938676
0.22,0.113,0.03,0.9,0.07,15.81,5880000000000,70,70,1,15,5,0,0,0,0,180,0.0172,2450,2.3219,2,0.5769,0,0,1,0.58,0.75,6,0,0,1,0,0.830850663
0.22,0.113,0.52,0.48,0,109.06,954000000000,70,70,1,30,5,0,0,0,0,240,0.0211,2450,2.3219,3,0.4518,1,0.0043,0,0.71,0.73,3,0,0,1,0,0.369780182
0.22,0.113,0.69,0.31,0,34.15,436386000000,50,50,1,30,5,0,0,0,0,360,0.0138,1250,2.3219,1,0.3108,0,0,1,0.47,0.54,6,0,0,1,0,0.966931372
0.22,0.113,0.33,0.67,0,218.3,1850000000000,90,90,0,0,0,1,20,6,0,144,0.0357,4050,2.3219,12,0.3737,0.3,0.036,0,0.48,0.43,8,0,0,1,0,0.35152996
0.22,0.113,0.73,0.27,0,41.31,574000000000,70,70,0,0,0,1,0,4,0,180,0.0295,2450,2.3219,2,0.0563,0,0,1,0.59,0.65,6,0,0,1,0,0.749383295
0.22,0.113,0.3,0.7,0,224.47,2230070000000,70,90,1,15,5,0,0,0,0,180,0.0201,3150,2.3219,2,0.589,0,0,1,0.47,0.58,9,0,0,1,0,0.29819664
0.22,0.113,0.38,0.62,0,111.02,775000000000,70,70,1,15,5,0,0,0,0,90,0.0172,2450,2.3219,6,0.5618,0.7,0.0046,0,0.51,0.45,9,0,0,1,0,0.773005678
0.22,0.113,0.85,0.15,0,17.44,338385000000,50,50,1,45,3,0,0,0,0,216,0.0139,1250,2.3219,7,0.3676,0.7,0.0123,0,0.52,0.69,2,0,0,1,0,0.809095256
0.22,0.113,0.57,0.43,0,124.01,1038840000000,50,50,1,30,3,0,0,0,0,120,0.014,1250,2.3219,8,0.3888,0.5,0.0083,0,0.51,0.38,4,0,0,1,0,0.79040554
1.1,0.625,0.67,0.33,0,75.83,747000000000,70,70,1,70,4,0,0,0,0,216,0.0252,2450,2.3219,5,0.318,0.8,0.0079,0,0.44,0.52,6,0,0,1,0,0.99667636
2,0.267,0.13,0.5,0.37,322.67,5690000000000,70,70,1,70,5,0,0,0,0,240,0.027,2450,2.3219,3,0.2304,0.7,0.0053,0,0.69,0.51,3,0,0,1,0,0.659524789
0.22,0.113,0.27,0.73,0,259.7,3222420000000,90,90,1,30,5,0,0,0,0,216,0.0299,4050,2.3219,4,0.5022,0.5,0.0102,0,0,0,0,0,0,1,0,0.124089663
0.22,0.113,0.07,0.93,0,289.59,1970000000000,90,90,1,30,3,0,0,0,0,240,0.0243,4050,2.3219,3,0.6423,1,0.009,0,0,0,0,0,0,1,0,0.835011174
2,0.267,0.2,0.6,0.2,273.5,5060000000000,90,90,1,45,4,0,0,0,0,180,0.0341,4050,2.3219,9,0.4343,0.3,0.0109,0,0.69,0.61,8,0,0,1,0,0.245223524
1.1,0.625,0.3,0.67,0.03,113.15,3339760000000,70,70,1,45,3,0,0,0,0,257.1429,0.0215,2450,2.3219,8,0.4627,0.5,0.0113,0,0.54,0.43,3,0,0,1,0,0.958494685
0.22,0.113,0.38,0.62,0,156.71,1370000000000,70,70,1,70,4,0,0,0,0,320,0.025,2450,2.3219,5,0.3324,0.4,0.009,0,0.7,0.79,6,0,0,1,0,0.671649541
0.22,0.113,0.2,0.8,0,216.44,1860000000000,90,90,1,70,3,0,0,0,0,120,0.0322,4050,2.3219,3,0.4877,1,0.0106,0,0.61,0.53,8,0,0,1,0,0.213680475
2,0.267,0.37,0.6,0.03,238.55,3830000000000,90,90,1,15,5,0,0,0,0,205.7143,0.0277,4050,2.3219,4,0.551,1,0.0073,0,0.59,0.5,8,0,0,1,0,0.948111228
1.1,0.625,0.69,0.31,0,31.19,516000000000,90,90,1,45,4,0,0,0,0,205.7143,0.0288,4050,2.3219,6,0.5474,0.5,0.0084,0,0,0,0,0,0,1,0,0.425099369
0.22,0.113,0.46,0.54,0,133.25,1080000000000,70,70,1,15,3,0,0,0,0,180,0.015,2450,2.3219,2,0.6643,0,0,1,0.41,0.55,6,0,0,1,0,0.776100241
0.22,0.113,0.27,0.73,0,262.15,3040000000000,50,50,1,30,3,0,0,0,0,180,0.0131,1250,2.3219,2,0.4036,0,0,1,0.63,0.51,6,0,0,1,0,0.141053569
0.22,0.113,0.45,0.52,0.03,151.82,1760280000000,90,90,1,70,4,0,0,0,0,338.8235,0.0322,4050,2.3219,5,0.4525,0.8,0.0144,0,0.55,0.63,4,0,0,1,0,0.120847844
