robot_max_speed,robot_radius,success_rate,collision_rate,timeout_rate,average_path_length,average_time_diff,width,height,indoor_map_type,iterations,corridor_width,outdoor_map_type,num_static_obstacles,static_obstacle_size,other_map_type,mean_angle_info,entropy,map_size,max_entropy,num_obs_cv2,occupancy_ratio,distance_normalized,distance_avg,distance_variance,average_linear_velocity,average_obstalce_size,number_dynamic_obstalces,crowdnav,dwa,rlca,teb
0.22,0.113,0.77,0.23,0,49.28,1090000000000,50,50,1,70,5,0,0,0,0,180,0.0161,1250,2.3219,2,0.1888,0,0,1,0.76,0.61,4,1,0,0,0
0.22,0.113,0.27,0.67,0.07,122.13,4100000000000,90,90,1,45,3,0,0,0,0,120,0.0285,4050,2.3219,3,0.5589,1,0.011,0,0,0,0,1,0,0,0
0.22,0.113,0.47,0.53,0,66.91,1720000000000,70,70,1,30,5,0,0,0,0,180,0.0177,2450,2.3219,4,0.549,1,0.0091,0,0.39,0.42,9,1,0,0,0
0.22,0.113,0.1,0.9,0,117.48,3040000000000,90,90,1,30,3,0,0,0,0,360,0.0248,4050,2.3219,1,0.6272,0,0,1,0.61,0.53,12,1,0,0,0
0.22,0.113,0.77,0.23,0,46.53,657000000000,50,50,1,15,5,0,0,0,0,360,0.0105,1250,2.3219,2,0.512,1,0.0117,0,0.49,0.3,2,1,0,0,0
0.22,0.113,0.8,0.2,0,72.59,1530690000000,70,50,1,45,5,0,0,0,0,180,0.0191,1750,2.3219,2,0.2937,0,0,1,0.45,0.54,2,1,0,0,0
0.22,0.113,0.87,0.13,0,53.95,1080000000000,50,50,1,30,4,0,0,0,0,240,0.0128,1250,2.3219,3,0.3804,1,0.0075,0,0.43,0.19,4,1,0,0,0
0.22,0.113,0.73,0.27,0,62.9,1300000000000,50,50,1,15,5,0,0,0,0,360,0.0116,1250,2.3219,1,0.4408,0,0,1,0.65,0.75,2,1,0,0,0
0.22,0.113,0.45,0.55,0,65.36,2240000000000,50,50,1,30,3,0,0,0,0,180,0.013,1250,2.3219,3,0.4264,1,0.0045,0,0.62,0.62,2,1,0,0,0
0.22,0.113,0.63,0.37,0,63.16,1494390000000,50,90,1,45,3,0,0,0,0,180,0.0207,2250,2.3219,5,0.4487,0.6,0.0046,0,0.47,0.45,9,1,0,0,0
0.22,0.113,0.33,0.67,0,133.33,3500000000000,90,90,1,70,4,0,0,0,0,166.1538,0.037,4050,2.3219,12,0.3474,0.7,0.0099,0,0.57,0.68,8,1,0,0,0
0.22,0.113,0.7,0.2,0.1,57.66,2449250000000,50,50,1,15,5,0,0,0,0,90,0.013,1250,2.3219,4,0.38,0.5,0.0041,0,0,0,0,1,0,0,0
2,0.267,0.8,0.2,0,63.84,1805600000000,50,90,0,0,0,1,0,2,0,180,0.0273,2250,2.3219,2,0.0613,0,0,1,0.73,0.59,3,1,0,0,0
0.22,0.113,0.93,0.07,0,69.94,1230000000000,50,50,1,45,5,0,0,0,0,180,0.0146,1250,2.3219,2,0.2916,0,0,1,0.33,0.37,4,1,0,0,0
0.22,0.113,0.13,0.87,0,73.8,5310000000000,70,70,1,30,3,0,0,0,0,360,0.017,2450,2.3219,1,0.6124,0,0,1,0.47,0.52,9,1,0,0,0
0.22,0.113,0,0.9,0.1,71.71,5830000000000,70,70,1,15,4,0,0,0,0,360,0.0183,2450,2.3219,1,0.5684,0,0,1,0.61,0.53,3,1,0,0,0
0.22,0.113,0.87,0.13,0,52.09,937000000000,50,50,1,30,4,0,0,0,0,360,0.0112,1250,2.3219,1,0.5056,0,0,1,0.72,0.16,2,1,0,0,0
0.22,0.113,0.57,0.4,0.03,44.12,1080000000000,50,50,1,45,5,0,0,0,0,360,0.014,1250,2.3219,1,0.3024,0,0,1,0.35,0.51,6,1,0,0,0
0.22,0.113,0.1,0.87,0.03,103.53,5240000000000,50,50,1,45,4,0,0,0,0,180,0.0137,1250,2.3219,2,0.338,1,0.0005,0,0.7,0.61,4,1,0,0,0
0.22,0.113,0.9,0.1,0,58.9,1070000000000,50,50,1,45,5,0,0,0,0,180,0.0136,1250,2.3219,2,0.324,0,0,1,0.37,0.63,4,1,0,0,0
0.22,0.113,0.87,0.1,0.03,63.76,1240000000000,50,50,1,15,5,0,0,0,0,360,0.0109,1250,2.3219,2,0.5028,1,0.0041,0,0.57,0.27,2,1,0,0,0
2,0.267,0.63,0.37,0,103.12,2142200000000,90,90,0,0,0,1,0,6,0,180,0.0454,4050,2.3219,2,0.044,0,0,1,0.51,0.5,12,1,0,0,0
0.22,0.113,0.87,0.13,0,109.66,2394930000000,90,70,0,0,0,1,10,4,0,256,0.0347,3150,2.3219,16,0.1721,0.4,0.0134,0,0,0,0,1,0,0,0
0.22,0.113,0.93,0.03,0.03,77.85,2100250000000,50,70,1,70,4,0,0,0,0,72,0.0212,1750,2.3219,6,0.2043,0.7,0.0098,0,0,0,0,1,0,0,0
1.1,0.625,0.59,0.41,0,37.45,1519570000000,50,70,0,0,0,1,40,2,0,60,0.0202,1750,2.3219,21,0.3097,0.6,0.0178,0,0.66,0.23,2,1,0,0,0
1.1,0.625,0.2,0.8,0,86.77,3004290000000,90,90,0,0,0,1,30,6,0,240,0.0306,4050,2.3219,7,0.5038,0.7,0.0102,0,0.55,0.46,12,1,0,0,0
0.22,0.113,0.73,0.23,0.03,42.26,867000000000,50,50,1,30,4,0,0,0,0,180,0.0121,1250,2.3219,2,0.4236,0,0,1,0.57,0.84,2,1,0,0,0
0.22,0.113,0.17,0.67,0.17,99.4,5030000000000,50,50,1,45,3,0,0,0,0,180,0.0128,1250,2.3219,4,0.4304,1,0.0104,0,0.38,0.77,2,1,0,0,0
0.22,0.113,0.72,0.28,0,61.25,1800000000000,50,50,1,15,4,0,0,0,0,180,0.0119,1250,2.3219,3,0.4844,1,0.0053,0,0,0,0,1,0,0,0
0.22,0.113,0.37,0.63,0,94.73,2490000000000,90,90,1,15,5,0,0,0,0,240,0.0233,4050,2.3219,3,0.6356,1,0.0076,0,0.66,0.61,4,1,0,0,0
0.22,0.113,1,0,0,96.91,1740000000000,70,70,1,70,5,0,0,0,0,180,0.0266,2450,2.3219,2,0.2257,1,0.0003,0,0,0,0,1,0,0,0
0.22,0.113,0.33,0.6,0.07,116.71,3640000000000,90,90,1,70,4,0,0,0,0,144,0.0351,4050,2.3219,3,0.4044,1,0.006,0,0,0,0,1,0,0,0
0.22,0.113,0.4,0.6,0,131.71,3130000000000,70,70,1,70,4,0,0,0,0,144,0.0266,2450,2.3219,6,0.2861,0.7,0.0078,0,0.45,0.65,3,1,0,0,0
0.22,0.113,0.4,0.6,0,197.98,3510000000000,90,90,1,30,5,0,0,0,0,288,0.0324,4050,2.3219,5,0.46,0.4,0.0087,0,0.43,0.6,12,1,0,0,0
0.22,0.113,0.57,0.43,0,139.98,2640000000000,90,90,1,70,5,0,0,0,0,120,0.0393,4050,2.3219,9,0.2867,0.7,0.0091,0,0.6,0.51,12,1,0,0,0
0.22,0.113,0.07,0.87,0.07,80.08,5610000000000,70,70,1,30,4,0,0,0,0,120,0.0213,2450,2.3219,3,0.4467,1,0.006,0,0.47,0.38,6,1,0,0,0
0.22,0.113,0.27,0.73,0,117.08,2970000000000,90,90,1,30,5,0,0,0,0,360,0.0283,4050,2.3219,1,0.5425,0,0,1,0.55,0.57,12,1,0,0,0
0.22,0.113,0.47,0.53,0,130.33,2230000000000,90,90,1,45,5,0,0,0,0,320,0.0335,4050,2.3219,6,0.4309,0.5,0.0097,0,0.58,0.67,12,1,0,0,0
0.22,0.113,0.27,0.73,0,166.57,3210000000000,90,90,1,70,3,0,0,0,0,327.2727,0.033,4050,2.3219,7,0.468,0.7,0.0082,0,0.64,0.5,8,1,0,0,0
0.22,0.113,0.83,0.17,0,81.45,1740000000000,70,70,0,0,0,1,0,4,0,180,0.0295,2450,2.3219,2,0.0563,0,0,1,0.56,0.44,6,1,0,0,0
0.22,0.113,0.67,0.33,0,58.37,1120000000000,50,50,1,15,4,0,0,0,0,180,0.01,1250,2.3219,3,0.5652,1,0.005,0,0.62,0.3,4,1,0,0,0
0.22,0.113,0.07,0.77,0.17,70.85,5400000000000,90,90,0,0,0,1,40,4,0,180,0.0383,4050,2.3219,17,0.3465,0.5,0.0097,0,0,0,0,1,0,0,0
0.22,0.113,0.6,0.33,0.07,54.89,2590000000000,50,50,1,30,3,0,0,0,0,120,0.0114,1250,2.3219,3,0.5012,0.7,0.0056,0,0,0,0,1,0,0,0
0.22,0.113,0.63,0.37,0,119.23,2800000000000,90,90,1,30,4,0,0,0,0,180,0.027,4050,2.3219,2,0.5746,0,0,1,0,0,0,1,0,0,0
1.1,0.625,0.9,0.1,0,38.81,1243210000000,70,50,1,15,4,0,0,0,0,90,0.012,1750,2.3219,4,0.6066,1,0.0048,0,0,0,0,1,0,0,0
2,0.267,0.5,0.5,0,54.48,1908560000000,50,50,0,0,0,1,10,4,0,313.0435,0.0145,1250,2.3219,5,0.296,0.4,0.022,0,0.63,0.51,6,1,0,0,0
0.22,0.113,0.2,0.77,0.03,152.84,4280000000000,70,70,1,30,4,0,0,0,0,180,0.0221,2450,2.3219,8,0.4582,0.6,0.007,0,0.53,0.34,6,1,0,0,0
0.22,0.113,0.2,0.67,0.13,62.93,4840000000000,50,50,1,30,3,0,0,0,0,288,0.0124,1250,2.3219,6,0.4364,0.3,0.0094,0,0,0,0,1,0,0,0
0.22,0.113,0.1,0.87,0.03,61.53,5390000000000,90,90,1,70,3,0,0,0,0,270,0.035,4050,2.3219,6,0.4422,0.5,0.0112,0,0.47,0.51,8,1,0,0,0
0.22,0.113,0.2,0.8,0,123.9,3640000000000,90,90,1,30,4,0,0,0,0,360,0.0278,4050,2.3219,1,0.5664,0,0,1,0.41,0.53,4,1,0,0,0
0.22,0.113,0.23,0.63,0.13,53.4,4430000000000,50,50,0,0,0,1,20,2,0,189.4737,0.0155,1250,2.3219,12,0.26,0.5,0.0136,0,0,0,0,1,0,0,0
0.22,0.113,0.57,0.43,0,95.4,2170000000000,70,70,1,70,3,0,0,0,0,200,0.0258,2450,2.3219,7,0.3402,0.6,0.0106,0,0.63,0.39,6,1,0,0,0
2,0.267,0.17,0.83,0,72.93,5064390000000,90,90,0,0,0,1,40,4,0,100.8,0.0369,4050,2.3219,22,0.3821,0.6,0.0133,0,0.65,0.55,8,1,0,0,0
0.22,0.113,0.52,0.48,0,49.93,1230000000000,50,50,1,30,3,0,0,0,0,120,0.0128,1250,2.3219,4,0.4024,0.5,0.0075,0,0.54,0.66,4,1,0,0,0
0.22,0.113,0.7,0.3,0,74.81,1820000000000,70,70,1,30,5,0,0,0,0,180,0.0219,2450,2.3219,3,0.4131,1,0.0086,0,0.88,0.85,3,1,0,0,0
0.22,0.113,0,0.83,0.17,68.32,5940000000000,70,70,1,30,3,0,0,0,0,360,0.0215,2450,2.3219,2,0.4812,1,0.0147,0,0.56,0.5,3,1,0,0,0
0.22,0.113,0.43,0.57,0,136.46,2770000000000,90,90,1,30,5,0,0,0,0,257.1429,0.0307,4050,2.3219,4,0.4842,0.5,0.0317,0,0.49,0.5,12,1,0,0,0
0.22,0.113,0.03,0.93,0.03,240.15,4610000000000,90,90,1,70,3,0,0,0,0,171.4286,0.0354,4050,2.3219,17,0.4304,0.5,0.0096,0,0.56,0.56,12,1,0,0,0
0.22,0.113,0.27,0.73,0,121.19,3270000000000,90,90,1,30,4,0,0,0,0,216,0.0267,4050,2.3219,4,0.577,0.5,0.007,0,0.58,0.55,4,1,0,0,0
0.22,0.113,0.63,0.33,0.03,58.96,1650000000000,50,50,1,30,3,0,0,0,0,90,0.0132,1250,2.3219,4,0.4168,0.5,0.005,0,0.59,0.55,2,1,0,0,0
0.22,0.113,0.9,0.1,0,91.01,1680000000000,70,70,1,70,5,0,0,0,0,360,0.0276,2450,2.3219,2,0.2133,1,0.0052,0,0,0,0,1,0,0,0
0.22,0.113,0.52,0.48,0,47.68,1440000000000,50,50,1,15,3,0,0,0,0,90,0.0097,1250,2.3219,4,0.584,0.5,0.0059,0,0.61,0.67,6,1,0,0,0
0.22,0.113,0.5,0.43,0.07,160.38,3930000000000,90,90,1,45,4,0,0,0,0,284.2105,0.035,4050,2.3219,9,0.4281,0.8,0.01,0,0,0,0,1,0,0,0
0.22,0.113,0.3,0.6,0.1,116.61,4340560000000,70,90,0,0,0,1,40,2,0,72,0.0359,3150,2.3219,47,0.1948,0.6,0.0153,0,0,0,0,1,0,0,0
0.22,0.113,0.93,0.07,0,31.73,526000000000,50,50,1,15,3,0,0,0,0,180,0.01,1250,2.3219,2,0.5576,0,0,1,0.67,0.5,2,1,0,0,0
0.22,0.113,0.07,0.93,0,123.16,5440000000000,70,70,1,45,5,0,0,0,0,90,0.0278,2450,2.3219,7,0.2427,0.6,0.0065,0,0.52,0.56,9,1,0,0,0
0.22,0.113,0.55,0.41,0.03,80.2,2170000000000,70,70,1,70,4,0,0,0,0,90,0.0268,2450,2.3219,4,0.2871,1,0.0038,0,0.42,0.59,6,1,0,0,0
0.22,0.113,0.07,0.9,0.03,108.64,5260000000000,70,70,0,0,0,1,20,2,0,120,0.0293,2450,2.3219,28,0.1529,0.5,0.0135,0,0.51,0.49,9,1,0,0,0
0.22,0.113,0.43,0.57,0,65.64,1560000000000,70,70,1,45,3,0,0,0,0,270,0.0214,2450,2.3219,5,0.4878,0.4,0.0064,0,0.42,0.52,9,1,0,0,0
0.22,0.113,0.87,0.13,0,41.88,860000000000,50,50,1,30,4,0,0,0,0,90,0.0133,1250,2.3219,4,0.378,1,0.0079,0,0.69,0.8,2,1,0,0,0
0.22,0.113,0.8,0.2,0,35.74,761000000000,50,50,1,15,5,0,0,0,0,360,0.0116,1250,2.3219,2,0.454,1,0.0164,0,0.59,0.62,6,1,0,0,0
0.22,0.113,0.17,0.83,0,67.69,1590000000000,90,90,1,15,3,0,0,0,0,180,0.0178,4050,2.3219,2,0.7532,1,0.0001,0,0.56,0.42,12,1,0,0,0
0.22,0.113,0.1,0.83,0.07,42.28,5180000000000,90,90,1,30,3,0,0,0,0,240,0.0261,4050,2.3219,4,0.6141,1,0.0079,0,0.53,0.71,4,1,0,0,0
0.22,0.113,1,0,0,65.46,1170000000000,50,50,1,70,5,0,0,0,0,180,0.0166,1250,2.3219,2,0.1512,0,0,1,0,0,0,1,0,0,0
0.22,0.113,0.8,0.2,0,58.94,1010000000000,50,50,1,70,5,0,0,0,0,180,0.0153,1250,2.3219,2,0.2376,0,0,1,0.47,0.56,4,1,0,0,0
0.22,0.113,0.7,0.27,0.03,130.02,2380000000000,70,70,1,30,5,0,0,0,0,360,0.0223,2450,2.3219,2,0.4143,1,0.0172,0,0,0,0,1,0,0,0
0.22,0.113,0.63,0.37,0,50.83,1090000000000,50,50,1,45,5,0,0,0,0,360,0.0132,1250,2.3219,1,0.3304,0,0,1,0.51,0.46,6,1,0,0,0
0.22,0.113,0.17,0.8,0.03,179.54,4640000000000,90,90,1,30,3,0,0,0,0,360,0.0273,4050,2.3219,2,0.5826,1,0.0076,0,0.39,0.52,4,1,0,0,0
0.22,0.113,0.43,0.57,0,123.44,2910000000000,90,90,1,70,4,0,0,0,0,144,0.0367,4050,2.3219,11,0.3756,0.5,0.0085,0,0.27,0.57,4,1,0,0,0
0.22,0.113,0.1,0.73,0.17,59.9,5320000000000,70,70,1,45,4,0,0,0,0,303.1579,0.0241,2450,2.3219,7,0.3631,0.4,0.0122,0,0,0,0,1,0,0,0
0.22,0.113,0.1,0.53,0.37,62.65,5440000000000,70,70,0,0,0,1,40,4,0,327.2727,0.0212,2450,2.3219,9,0.4735,0.8,0.0143,0,0,0,0,1,0,0,0
0.22,0.113,0.1,0.67,0.23,49.25,5110000000000,70,70,1,70,3,0,0,0,0,254.1176,0.0236,2450,2.3219,10,0.3849,0.4,0.0116,0,0,0,0,1,0,0,0
2,0.267,0.3,0.7,0,63.76,2346740000000,90,50,1,15,4,0,0,0,0,216,0.0159,2250,2.3219,4,0.5902,1,0.0066,0,0.57,0.53,9,1,0,0,0
0.22,0.113,0.57,0.43,0,115.82,2470000000000,90,90,1,70,4,0,0,0,0,270,0.0341,4050,2.3219,3,0.4168,1,0.0091,0,0.5,0.49,8,1,0,0,0
0.22,0.113,0.86,0.1,0.03,62.46,1300000000000,50,50,1,70,3,0,0,0,0,180,0.0141,1250,2.3219,3,0.3236,1,0.0076,0,0,0,0,1,0,0,0
0.22,0.113,0.93,0.03,0.03,44.48,1140000000000,50,50,1,30,4,0,0,0,0,360,0.0134,1250,2.3219,1,0.3452,0,0,1,0,0,0,1,0,0,0
0.22,0.113,0.2,0.73,0.07,130,3580000000000,90,90,1,70,3,0,0,0,0,196.3636,0.0336,4050,2.3219,10,0.4532,0.5,0.0114,0,0.64,0.54,12,1,0,0,0
0.22,0.113,0.03,0.93,0.03,218.25,5780000000000,70,70,0,0,0,1,0,6,0,180,0.0295,2450,2.3219,2,0.0563,0,0,1,0.61,0.54,9,1,0,0,0
0.22,0.113,0.45,0.55,0,91.67,1880000000000,70,70,1,15,4,0,0,0,0,180,0.017,2450,2.3219,2,0.589,0,0,1,0.63,0.53,3,1,0,0,0
0.22,0.113,0.4,0.6,0,78.43,2780000000000,70,70,1,30,3,0,0,0,0,180,0.0185,2450,2.3219,2,0.5647,1,0.0041,0,0.61,0.4,9,1,0,0,0
0.22,0.113,0.6,0.4,0,38.11,1360000000000,50,50,1,45,3,0,0,0,0,180,0.0127,1250,2.3219,2,0.412,0,0,1,0.58,0.52,4,1,0,0,0
0.22,0.113,0.1,0.8,0.1,83.11,5450000000000,50,50,1,15,4,0,0,0,0,90,0.0132,1250,2.3219,4,0.4152,0.5,0.0062,0,0.55,0.57,2,1,0,0,0
0.22,0.113,1,0,0,58.83,1060000000000,50,50,1,30,5,0,0,0,0,180,0.0133,1250,2.3219,2,0.3652,0,0,1,0,0,0,1,0,0,0
0.22,0.113,0.77,0.23,0,57.2,1140000000000,50,50,1,45,5,0,0,0,0,180,0.0158,1250,2.3219,2,0.2308,0,0,1,0.56,0.35,6,1,0,0,0
0.22,0.113,0.47,0.37,0.17,60.51,3170000000000,50,50,1,15,4,0,0,0,0,360,0.0112,1250,2.3219,1,0.4784,0,0,1,0.51,0.54,2,1,0,0,0
0.22,0.113,0.63,0.37,0,58.55,901000000000,50,50,1,45,3,0,0,0,0,180,0.0134,1250,2.3219,3,0.384,1,0.0049,0,0.65,0.58,6,1,0,0,0
0.22,0.113,0.37,0.57,0.07,102.55,2870000000000,90,90,1,45,5,0,0,0,0,192,0.0345,4050,2.3219,10,0.3925,0.6,0.0065,0,0.52,0.65,12,1,0,0,0
2,0.267,0.27,0.73,0,52.23,3761280000000,70,70,1,30,3,0,0,0,0,202.5,0.0213,2450,2.3219,8,0.4873,0.5,0.0089,0,0.59,0.38,6,1,0,0,0
0.22,0.113,0.17,0.83,0,153.46,2870000000000,90,90,1,45,5,0,0,0,0,180,0.0339,4050,2.3219,3,0.4138,0.7,0.0029,0,0.66,0.54,12,1,0,0,0
0.22,0.113,0.28,0.72,0,71.57,2070000000000,90,90,1,15,3,0,0,0,0,180,0.0151,4050,2.3219,2,0.7942,0,0,1,0.61,0.42,4,1,0,0,0
2,0.267,0.1,0.9,0,101.27,4434240000000,90,90,0,0,0,1,20,6,0,265.2632,0.0358,4050,2.3219,10,0.3828,0.6,0.0119,0,0.43,0.61,8,1,0,0,0
0.22,0.113,0.8,0.2,0,67.46,1540000000000,50,50,1,30,4,0,0,0,0,180,0.0143,1250,2.3219,3,0.3072,1,0.0097,0,0,0,0,1,0,0,0
0.22,0.113,0,0.97,0.03,77.13,5980000000000,70,70,1,70,4,0,0,0,0,180,0.0261,2450,2.3219,5,0.2849,0.8,0.0107,0,0.48,0.57,9,1,0,0,0
2,0.267,0.37,0.63,0,73.21,3389170000000,70,90,0,0,0,1,20,4,0,138.4615,0.0327,3150,2.3219,20,0.271,0.6,0.0167,0,0.46,0.75,6,1,0,0,0
0.22,0.113,0.63,0.37,0,114.71,2090000000000,70,70,1,70,5,0,0,0,0,90,0.0289,2450,2.3219,6,0.1678,0.7,0.0065,0,0.57,0.5,6,1,0,0,0
0.22,0.113,0.4,0.5,0.1,30.53,3990000000000,90,90,1,15,3,0,0,0,0,180,0.0163,4050,2.3219,2,0.7821,0,0,1,0,0,0,1,0,0,0
0.22,0.113,0.3,0.7,0,107.67,2480000000000,70,70,1,30,4,0,0,0,0,120,0.021,2450,2.3219,8,0.4659,0.6,0.0087,0,0.36,0.58,9,1,0,0,0
0.22,0.113,0.13,0.83,0.03,63.74,5190000000000,90,90,1,15,3,0,0,0,0,360,0.0173,4050,2.3219,1,0.7553,0,0,1,0.5,0.42,12,1,0,0,0
0.22,0.113,0.5,0.5,0,63.27,2630000000000,70,70,1,45,3,0,0,0,0,160,0.0212,2450,2.3219,8,0.4847,0.4,0.0167,0,0,0,0,1,0,0,0
1.1,0.625,0.97,0.03,0,35.68,714859000000,50,70,0,0,0,1,30,2,0,130.9091,0.0208,1750,2.3219,25,0.2403,0.7,0.0164,0,0,0,0,1,0,0,0
0.22,0.113,0.97,0,0.03,151.14,2590000000000,90,90,0,0,0,1,0,2,0,180,0.0454,4050,2.3219,2,0.044,0,0,1,0,0,0,1,0,0,0
0.22,0.113,0.03,0.93,0.03,74.81,5410000000000,70,70,1,15,4,0,0,0,0,360,0.0175,2450,2.3219,1,0.5818,0,0,1,0.44,0.42,9,1,0,0,0
0.22,0.113,0.5,0.5,0,65.07,1890000000000,70,70,1,45,4,0,0,0,0,360,0.0239,2450,2.3219,2,0.3629,1,0.0086,0,0.5,0.58,9,1,0,0,0
0.22,0.113,0.37,0.6,0.03,127.26,3050000000000,90,90,1,70,4,0,0,0,0,240,0.0321,4050,2.3219,5,0.4632,0.6,0.0071,0,0.85,0.65,4,1,0,0,0
1.1,0.625,0.73,0.27,0,44.89,1340640000000,50,70,0,0,0,1,0,6,0,180,0.0219,1750,2.3219,2,0.0674,1,0.0004,0,0.57,0.63,4,1,0,0,0
0.22,0.113,0.63,0.37,0,79.94,1440000000000,50,50,1,45,4,0,0,0,0,360,0.0136,1250,2.3219,1,0.35,0,0,1,0.6,0.57,4,1,0,0,0
1.1,0.625,0.33,0.6,0.07,32.74,3913430000000,50,90,0,0,0,1,40,4,0,317.6471,0.0184,2250,2.3219,9,0.546,0.6,0.0243,0.0001,0.56,0.64,6,1,0,0,0
0.22,0.113,0.03,0.9,0.07,88.26,5780000000000,90,90,1,45,5,0,0,0,0,270,0.0337,4050,2.3219,11,0.4214,0.5,0.0101,0,0.63,0.58,12,1,0,0,0
0.22,0.113,0.2,0.77,0.03,140.74,2600000000000,90,90,1,15,4,0,0,0,0,240,0.0215,4050,2.3219,3,0.672,1,0.0041,0,0.52,0.68,8,1,0,0,0
0.22,0.113,0.34,0.66,0,87.4,2930000000000,90,90,1,70,3,0,0,0,0,270,0.0332,4050,2.3219,10,0.479,0.5,0.0088,0,0.55,0.52,12,1,0,0,0
0.22,0.113,0.73,0.2,0.07,91.42,2180000000000,70,70,1,70,3,0,0,0,0,169.4118,0.0248,2450,2.3219,15,0.3706,0.5,0.0104,0,0,0,0,1,0,0,0
0.22,0.113,0.13,0.83,0.03,109.94,3730000000000,90,90,1,30,3,0,0,0,0,180,0.0256,4050,2.3219,5,0.616,0.6,0.0072,0,0.52,0.61,8,1,0,0,0
0.22,0.113,0.73,0.27,0,58.35,1510000000000,50,50,1,45,4,0,0,0,0,180,0.014,1250,2.3219,2,0.318,0,0,1,0.73,0.48,4,1,0,0,0
0.22,0.113,0.3,0.67,0.03,113.2,2800000000000,90,90,1,45,3,0,0,0,0,360,0.0307,4050,2.3219,4,0.5273,0.5,0.0228,0,0.59,0.85,4,1,0,0,0
0.22,0.113,0.37,0.63,0,95.04,2410000000000,70,70,1,30,5,0,0,0,0,180,0.0213,2450,2.3219,4,0.4286,1,0.0083,0,0.44,0.53,6,1,0,0,0
0.22,0.113,0.07,0.87,0.07,64.58,5630000000000,70,70,0,0,0,1,20,6,0,342.8571,0.0196,2450,2.3219,7,0.5131,0.6,0.6294,0.0137,0.66,0.53,6,1,0,0,0
2,0.267,0.6,0.4,0,65.85,1271210000000,50,70,1,70,5,0,0,0,0,120,0.0203,1750,2.3219,3,0.2409,1,0.0126,0,0.54,0.56,6,1,0,0,0
0.22,0.113,0.55,0.45,0,45.61,921000000000,50,50,1,70,3,0,0,0,0,120,0.0153,1250,2.3219,4,0.2888,0.5,0.0066,0,0.65,0.7,4,1,0,0,0
0.22,0.113,0.83,0.17,0,32.45,734000000000,50,50,1,15,5,0,0,0,0,360,0.0112,1250,2.3219,1,0.4976,0,0,1,0.88,0.27,2,1,0,0,0
0.22,0.113,0.43,0.43,0.13,62.84,3300000000000,90,90,1,30,3,0,0,0,0,337.5,0.0237,4050,2.3219,5,0.648,0.6,0.0144,0,0,0,0,1,0,0,0
0.22,0.113,0.07,0.8,0.13,121.9,5480000000000,90,90,0,0,0,1,10,4,0,157.5,0.0438,4050,2.3219,14,0.1406,0.6,0.0141,0,0.58,0.55,12,1,0,0,0
0.22,0.113,0.38,0.59,0.03,112.73,2820000000000,90,90,1,30,4,0,0,0,0,180,0.0307,4050,2.3219,7,0.5009,0.6,0.0075,0,0.68,0.5,12,1,0,0,0
0.22,0.113,0.8,0.2,0,106.77,1950000000000,70,70,1,45,3,0,0,0,0,288,0.0234,2450,2.3219,10,0.4306,0.6,0.0098,0,0,0,0,1,0,0,0
0.22,0.113,0.4,0.6,0,106.81,2390000000000,90,90,1,30,5,0,0,0,0,270,0.0281,4050,2.3219,3,0.5399,1,0.0085,0,0.43,0.64,4,1,0,0,0
0.22,0.113,0.33,0.67,0,64.63,1822510000000,50,90,0,0,0,1,40,6,0,130.9091,0.0124,2250,2.3219,10,0.7087,0.5,0.0519,0,0.44,0.63,9,1,0,0,0
0.22,0.113,0.03,0.8,0.17,58.16,5520000000000,70,70,1,45,4,0,0,0,0,308.5714,0.0238,2450,2.3219,5,0.3994,0.8,0.0089,0,0.6,0.55,3,1,0,0,0
1.1,0.625,0.23,0.77,0,62.36,3696420000000,70,50,1,45,3,0,0,0,0,144,0.0172,1750,2.3219,5,0.4254,0.8,0.0065,0,0.38,0.65,2,1,0,0,0
0.22,0.113,0.66,0.34,0,50.49,1250000000000,50,50,1,15,4,0,0,0,0,180,0.0115,1250,2.3219,3,0.524,1,0.0055,0,0.7,0.62,4,1,0,0,0
0.22,0.113,0.23,0.77,0,130,4160000000000,90,90,1,45,3,0,0,0,0,180,0.0288,4050,2.3219,3,0.5442,0.7,0.0123,0,0.33,0.35,4,1,0,0,0
0.22,0.113,0.31,0.69,0,101.95,2520000000000,70,70,1,15,5,0,0,0,0,180,0.0168,2450,2.3219,2,0.578,0,0,1,0.49,0.69,6,1,0,0,0
1.1,0.625,0.27,0.73,0,60.73,3010480000000,90,90,1,30,4,0,0,0,0,180,0.0273,4050,2.3219,2,0.5788,0,0,1,0.62,0.66,12,1,0,0,0
0.22,0.113,0.1,0.63,0.27,87.16,5470000000000,50,50,1,70,5,0,0,0,0,180,0.0163,1250,2.3219,2,0.1784,0,0,1,0,0,0,1,0,0,0
0.22,0.113,0.87,0.13,0,25.8,932000000000,50,50,1,15,3,0,0,0,0,120,0.0086,1250,2.3219,3,0.6376,0.7,0.0044,0,0,0,0,1,0,0,0
0.22,0.113,0.1,0.87,0.03,68.47,5630000000000,70,70,1,30,4,0,0,0,0,249.2308,0.0222,2450,2.3219,6,0.4271,0.3,0.0089,0,0.66,0.48,9,1,0,0,0
0.22,0.113,0.14,0.86,0,89.43,2310000000000,90,90,1,15,3,0,0,0,0,180,0.0186,4050,2.3219,2,0.7386,0,0,1,0.54,0.63,8,1,0,0,0
2,0.267,0.54,0.46,0,28.79,549786000000,50,50,0,0,0,1,40,4,0,264.7059,0.0085,1250,2.3219,12,0.6892,0.3,0.0376,0,0.54,0.59,6,1,0,0,0
0.22,0.113,0.67,0.33,0,52.22,1640000000000,90,90,1,15,3,0,0,0,0,90,0.0165,4050,2.3219,4,0.7677,0.5,0.0053,0,0.41,0.54,4,1,0,0,0
0.22,0.113,0.07,0.93,0,134.49,5620000000000,90,90,1,15,4,0,0,0,0,180,0.0213,4050,2.3219,2,0.6789,0,0,1,0.62,0.62,12,1,0,0,0
0.22,0.113,0.41,0.59,0,96.04,2567660000000,90,90,1,15,3,0,0,0,0,180,0.0162,4050,2.3219,2,0.7744,1,0.0003,0,0.61,0.53,4,1,0,0,0
0.22,0.113,0.2,0.6,0.2,63.86,4930000000000,90,90,0,0,0,1,20,4,0,270,0.0417,4050,2.3219,22,0.2194,0.5,0.0136,0,0,0,0,1,0,0,0
0.22,0.113,0.6,0.37,0.03,73.9,1885930000000,90,70,1,15,4,0,0,0,0,180,0.0185,3150,2.3219,2,0.6465,0,0,1,0.63,0.77,3,1,0,0,0
0.22,0.113,0.73,0.27,0,49.27,625000000000,50,50,1,30,3,0,0,0,0,90,0.0119,1250,2.3219,4,0.464,1,0.0075,0,0.52,0.48,4,1,0,0,0
2,0.267,0.55,0.45,0,43.36,1081880000000,90,70,1,15,3,0,0,0,0,360,0.016,3150,2.3219,1,0.7122,0,0,1,0.56,0.52,3,1,0,0,0
0.22,0.113,0.27,0.73,0,168.12,3930000000000,90,90,1,45,3,0,0,0,0,166.1538,0.0305,4050,2.3219,14,0.5401,0.6,0.0137,0,0.39,0.43,12,1,0,0,0
0.22,0.113,0.23,0.77,0,137.49,3120000000000,90,90,1,15,4,0,0,0,0,360,0.023,4050,2.3219,1,0.6502,0,0,1,0.59,0.46,12,1,0,0,0
0.22,0.113,0.7,0.3,0,126.22,3300000000000,90,90,1,70,4,0,0,0,0,300,0.0341,4050,2.3219,10,0.4109,0.4,0.0112,0,0,0,0,1,0,0,0
0.22,0.113,0.67,0.33,0,67.47,1714700000000,50,90,1,30,4,0,0,0,0,270,0.0186,2250,2.3219,3,0.4962,1,0.0168,0,0.54,0.25,3,1,0,0,0
0.22,0.113,0.6,0.4,0,103.94,1990000000000,70,70,1,70,5,0,0,0,0,240,0.0277,2450,2.3219,3,0.211,0.7,0.0041,0,0.61,0.46,9,1,0,0,0
0.22,0.113,0.07,0.9,0.03,156.91,5600000000000,70,70,0,0,0,1,0,6,0,180,0.0295,2450,2.3219,2,0.0563,0,0,1,0.52,0.57,6,1,0,0,0
0.22,0.113,0.07,0.87,0.07,71.2,5780000000000,70,70,1,45,3,0,0,0,0,240,0.0214,2450,2.3219,5,0.4753,0.6,0.0083,0,0.64,0.55,9,1,0,0,0
0.22,0.113,0.57,0.43,0,68.12,1230000000000,50,50,1,30,5,0,0,0,0,90,0.0145,1250,2.3219,4,0.2752,1,0.0059,0,0.48,0.72,6,1,0,0,0
1.1,0.625,0.33,0.67,0,82.08,3066600000000,90,90,0,0,0,1,10,6,0,154.2857,0.041,4050,2.3219,10,0.2084,0.6,0.0127,0,0.31,0.57,8,1,0,0,0
1.1,0.625,0.37,0.63,0,39.27,909673000000,50,90,1,30,4,0,0,0,0,180,0.0184,2250,2.3219,2,0.4944,1,0.0002,0,0.49,0.59,9,1,0,0,0
0.22,0.113,0.77,0.2,0.03,94.08,1970000000000,70,70,1,70,4,0,0,0,0,180,0.0269,2450,2.3219,5,0.2669,0.6,0.0071,0,0.55,0.67,3,1,0,0,0
0.22,0.113,0.31,0.69,0,86.74,2560000000000,90,90,1,15,3,0,0,0,0,180,0.0178,4050,2.3219,2,0.7506,1,0.0003,0,0.48,0.44,8,1,0,0,0
0.22,0.113,0.87,0.13,0,67.33,1340000000000,50,50,1,70,5,0,0,0,0,180,0.0156,1250,2.3219,2,0.2172,0,0,1,0.44,0.4,2,1,0,0,0
0.22,0.113,0.47,0.53,0,121.85,2400000000000,90,90,1,70,5,0,0,0,0,225,0.0383,4050,2.3219,9,0.3058,0.6,0.0101,0,0.62,0.5,12,1,0,0,0
0.22,0.113,0.03,0.87,0.1,93.84,5700000000000,90,90,1,45,4,0,0,0,0,313.0435,0.0338,4050,2.3219,7,0.432,0.6,0.0107,0,0.58,0.52,8,1,0,0,0
0.22,0.113,0.59,0.41,0,74.31,1450000000000,50,50,1,45,3,0,0,0,0,90,0.0149,1250,2.3219,6,0.3124,0.7,0.01,0,0.66,0.44,4,1,0,0,0
0.22,0.113,0.33,0.67,0,149.46,3139520000000,50,90,1,15,4,0,0,0,0,360,0.0178,2250,2.3219,1,0.548,0,0,1,0.8,0.6,3,1,0,0,0
0.22,0.113,0.07,0.93,0,127.22,5660000000000,70,70,0,0,0,1,10,4,0,303.1579,0.0272,2450,2.3219,8,0.2112,0.9,0.0093,0,0.41,0.6,9,1,0,0,0
0.22,0.113,0.5,0.5,0,147.54,2590000000000,90,90,1,45,4,0,0,0,0,327.2727,0.032,4050,2.3219,9,0.4647,0.6,0.0094,0,0.84,0.54,8,1,0,0,0
0.22,0.113,0.9,0.1,0,50.45,939000000000,50,50,1,45,5,0,0,0,0,180,0.0136,1250,2.3219,2,0.3452,0,0,1,0.76,0.55,2,1,0,0,0
0.22,0.113,1,0,0,119.89,2051770000000,70,70,0,0,0,1,0,4,0,180,0.0295,2450,2.3219,2,0.0563,0,0,1,0,0,0,1,0,0,0
0.22,0.113,0.4,0.6,0,101.84,2970000000000,70,70,1,70,3,0,0,0,0,192,0.0258,2450,2.3219,13,0.351,0.5,0.012,0,0.34,0.65,3,1,0,0,0
0.22,0.113,0.5,0.5,0,88.54,2000000000000,90,90,1,15,3,0,0,0,0,180,0.0182,4050,2.3219,2,0.7544,0,0,1,0,0,0,1,0,0,0
0.22,0.113,0.03,0.77,0.2,79.96,5620000000000,90,90,0,0,0,1,30,4,0,260.6897,0.0396,4050,2.3219,11,0.2895,0.5,0.0132,0,0.5,0.47,8,1,0,0,0
0.22,0.113,0.3,0.7,0,175.86,3700000000000,90,90,1,30,3,0,0,0,0,180,0.0271,4050,2.3219,2,0.5938,0,0,1,0.67,0.26,4,1,0,0,0
0.22,0.113,0.53,0.47,0,100.38,2030000000000,70,70,1,45,5,0,0,0,0,180,0.0227,2450,2.3219,4,0.379,1,0.0059,0,0.5,0.55,6,1,0,0,0
0.22,0.113,0.77,0.2,0.03,76.2,2260000000000,70,70,1,70,4,0,0,0,0,144,0.0258,2450,2.3219,9,0.3071,0.4,0.0097,0,0,0,0,1,0,0,0
0.22,0.113,0.7,0.3,0,125.44,2890000000000,90,90,1,70,5,0,0,0,0,120,0.0402,4050,2.3219,7,0.2569,0.6,0.0088,0,0,0,0,1,0,0,0
0.22,0.113,0,0.93,0.07,121.61,5980000000000,70,70,0,0,0,1,10,4,0,246.8571,0.0275,2450,2.3219,16,0.2088,0.4,0.015,0,0.83,0.46,3,1,0,0,0
0.22,0.113,0.4,0.6,0,90.37,2080000000000,70,70,1,30,3,0,0,0,0,360,0.0202,2450,2.3219,3,0.5341,0.7,0.0185,0,0.52,0.62,3,1,0,0,0
0.22,0.113,0.23,0.77,0,55.79,4230000000000,50,50,1,15,3,0,0,0,0,90,0.01,1250,2.3219,4,0.58,0.8,0.0101,0,0.63,0.6,6,1,0,0,0
0.22,0.113,0.37,0.6,0.03,94.79,2600000000000,70,70,1,30,5,0,0,0,0,120,0.0223,2450,2.3219,4,0.3843,0.8,0.0092,0,0.69,0.65,6,1,0,0,0
1.1,0.625,0.47,0.53,0,70.79,2666540000000,70,90,1,15,5,0,0,0,0,360,0.0222,3150,2.3219,1,0.5517,0,0,1,0.35,0.63,6,1,0,0,0
0.22,0.113,0.53,0.47,0,76.56,1610000000000,50,50,1,45,3,0,0,0,0,205.7143,0.0137,1250,2.3219,4,0.3732,1,0.01,0,0.64,0.7,4,1,0,0,0
0.22,0.113,0.7,0.3,0,61.4,1040000000000,50,50,1,30,5,0,0,0,0,180,0.0141,1250,2.3219,2,0.3268,0,0,1,0.49,0.62,2,1,0,0,0
1.1,0.625,0.73,0.27,0,43.79,1612780000000,90,50,1,15,5,0,0,0,0,180,0.015,2250,2.3219,2,0.5929,0,0,1,0,0,0,1,0,0,0
0.22,0.113,0.07,0.93,0,223.46,4710000000000,90,90,1,70,3,0,0,0,0,313.0435,0.0334,4050,2.3219,8,0.4683,0.9,0.0096,0,0.49,0.59,12,1,0,0,0
0.22,0.113,0.03,0.97,0,106.27,5520000000000,70,70,1,70,5,0,0,0,0,120,0.0261,2450,2.3219,4,0.2555,0.8,0.1061,0.001,0.6,0.49,6,1,0,0,0
0.22,0.113,0.2,0.77,0.03,143.25,3980000000000,90,90,1,15,5,0,0,0,0,360,0.0273,4050,2.3219,1,0.5554,0,0,1,0.5,0.51,4,1,0,0,0
0.22,0.113,0.63,0.37,0,108.81,2380000000000,90,90,1,45,5,0,0,0,0,249.2308,0.0351,4050,2.3219,9,0.3893,0.7,0.0084,0,0.49,0.54,8,1,0,0,0
0.22,0.113,0,0.93,0.07,75.89,5980000000000,70,70,1,30,4,0,0,0,0,154.2857,0.0206,2450,2.3219,7,0.4841,0.7,0.0125,0,0.41,0.49,6,1,0,0,0
0.22,0.113,0.47,0.53,0,139.22,2870000000000,70,70,1,70,4,0,0,0,0,360,0.0267,2450,2.3219,2,0.2606,1,0.0087,0,0.5,0.71,3,1,0,0,0
1.1,0.625,0.17,0.83,0,25.11,5176830000000,70,90,0,0,0,1,40,6,0,290.3226,0.017,3150,2.3219,17,0.7102,0.6,0.0128,0,0,0,0,1,0,0,0
0.22,0.113,0.21,0.79,0,162.65,3470000000000,70,70,1,15,3,0,0,0,0,360,0.013,2450,2.3219,1,0.7114,0,0,1,0.43,0.57,3,1,0,0,0
0.22,0.113,0.7,0.3,0,61.95,981000000000,50,50,1,45,4,0,0,0,0,360,0.0147,1250,2.3219,1,0.2508,0,0,1,0.48,0.49,4,1,0,0,0
0.22,0.113,0,0.93,0.07,123.46,5500000000000,50,50,1,70,4,0,0,0,0,180,0.0159,1250,2.3219,4,0.2144,0.5,0.0067,0,0.76,0.51,4,1,0,0,0
0.22,0.113,0.5,0.47,0.03,93.99,2180000000000,70,70,1,30,4,0,0,0,0,180,0.0213,2450,2.3219,5,0.4402,0.6,0.0087,0,0.46,0.71,3,1,0,0,0
0.22,0.113,0.1,0.79,0.1,67.71,5610000000000,70,70,1,70,3,0,0,0,0,231.4286,0.0237,2450,2.3219,10,0.4,0.6,0.0106,0,0.75,0.63,6,1,0,0,0
0.22,0.113,0.9,0.1,0,64.83,1010000000000,50,50,1,70,5,0,0,0,0,180,0.0152,1250,2.3219,2,0.226,0,0,1,0.43,0.41,4,1,0,0,0
0.22,0.113,0.1,0.77,0.13,71.41,5220000000000,90,90,1,15,4,0,0,0,0,180,0.0218,4050,2.3219,2,0.664,1,0.0001,0,0.51,0.4,4,1,0,0,0
0.22,0.113,0.97,0.03,0,44.9,1080000000000,50,50,1,30,4,0,0,0,0,180,0.0132,1250,2.3219,2,0.3788,0,0,1,0,0,0,1,0,0,0
0.22,0.113,0.39,0.5,0.11,52.69,3280000000000,70,70,1,15,3,0,0,0,0,240,0.0155,2450,2.3219,4,0.6453,0.8,0.0066,0,0.58,0.53,3,1,0,0,0
0.22,0.113,0.03,0.9,0.07,103.48,5443410000000,90,70,0,0,0,1,20,4,0,293.0233,0.0327,3150,2.3219,14,0.2646,0.4,0.012,0,0.62,0.66,9,1,0,0,0
0.22,0.113,0.14,0.86,0,84.39,5350000000000,70,70,1,30,3,0,0,0,0,205.7143,0.0206,2450,2.3219,6,0.498,0.7,0.009,0,0.52,0.74,6,1,0,0,0
0.22,0.113,0.48,0.48,0.03,105.91,3270000000000,90,90,1,45,4,0,0,0,0,135,0.0316,4050,2.3219,8,0.4814,0.6,0.0098,0,0,0,0,1,0,0,0
0.22,0.113,0.53,0.4,0.07,89.03,2890000000000,70,70,1,30,5,0,0,0,0,360,0.0236,2450,2.3219,3,0.3745,0.3,0.0097,0,0,0,0,1,0,0,0
1.1,0.625,0.3,0.63,0.07,71.18,2653200000000,90,70,0,0,0,1,30,6,0,221.5385,0.0222,3150,2.3219,7,0.5716,0.6,0.0057,0,0.38,0.6,3,1,0,0,0
1.1,0.625,0.5,0.5,0,35.81,853530000000,70,50,1,15,4,0,0,0,0,180,0.0116,1750,2.3219,2,0.6277,1,0.0002,0,0.58,0.57,6,1,0,0,0
0.22,0.113,0.03,0.7,0.27,82.63,5980000000000,90,90,0,0,0,1,10,4,0,240,0.0436,4050,2.3219,12,0.1422,0.5,0.0127,0,0,0,0,1,0,0,0
0.22,0.113,0.6,0.4,0,99.29,2030000000000,90,90,1,70,5,0,0,0,0,150,0.0419,4050,2.3219,10,0.2464,0.6,0.0117,0,0.51,0.65,8,1,0,0,0
0.22,0.113,0.73,0.27,0,68.23,1180000000000,50,50,1,45,5,0,0,0,0,360,0.0152,1250,2.3219,1,0.2392,0,0,1,0.5,0.59,4,1,0,0,0
0.22,0.113,0.03,0.83,0.13,91.09,5664240000000,90,90,1,70,4,0,0,0,0,240,0.0366,4050,2.3219,11,0.3807,0.5,0.0113,0,0.45,0.69,4,1,0,0,0
0.22,0.113,1,0,0,109.48,1725410000000,70,50,0,0,0,1,0,4,0,180,0.0219,1750,2.3219,2,0.0674,1,0.0003,0,0,0,0,1,0,0,0
0.22,0.113,0.86,0.14,0,92.51,2020000000000,70,70,1,70,4,0,0,0,0,240,0.0267,2450,2.3219,5,0.2773,0.4,0.0059,0,0,0,0,1,0,0,0
0.22,0.113,0.47,0.53,0,77.04,2030000000000,90,90,1,45,3,0,0,0,0,332.3077,0.0268,4050,2.3219,3,0.5902,0.7,0.0076,0,0.53,0.43,8,1,0,0,0
2,0.267,0.6,0.4,0,69.56,2367670000000,70,90,1,70,5,0,0,0,0,240,0.0308,3150,2.3219,4,0.3159,1,0.008,0,0.44,0.48,9,1,0,0,0
2,0.267,0.3,0.7,0,89.81,3632830000000,90,70,1,30,3,0,0,0,0,180,0.0226,3150,2.3219,2,0.5751,0,0,1,0.6,0.52,9,1,0,0,0
0.22,0.113,1,0,0,77.07,1320000000000,70,70,1,45,5,0,0,0,0,180,0.0252,2450,2.3219,3,0.3259,1,0.008,0,0,0,0,1,0,0,0
0.22,0.113,0.23,0.77,0,130.66,2420000000000,70,70,1,70,5,0,0,0,0,180,0.0267,2450,2.3219,3,0.2459,1,0.0104,0,0.56,0.6,9,1,0,0,0
0.22,0.113,0.57,0.43,0,49.88,856000000000,50,50,1,15,4,0,0,0,0,180,0.0125,1250,2.3219,2,0.4188,1,0.0005,0,0.39,0.58,4,1,0,0,0
0.22,0.113,0.07,0.9,0.03,77.65,5670000000000,50,50,1,30,5,0,0,0,0,180,0.0144,1250,2.3219,2,0.2784,0,0,1,0,0,0,1,0,0,0
0.22,0.113,0.2,0.8,0,103.01,2180000000000,90,90,1,45,3,0,0,0,0,180,0.0262,4050,2.3219,4,0.6042,1,0.0046,0,0.62,0.59,12,1,0,0,0
0.22,0.113,1,0,0,56.31,1070000000000,50,50,1,70,5,0,0,0,0,180,0.0153,1250,2.3219,2,0.234,0,0,1,0,0,0,1,0,0,0
0.22,0.113,0.13,0.77,0.1,93.23,5060000000000,50,50,1,45,5,0,0,0,0,180,0.0144,1250,2.3219,2,0.286,0,0,1,0.49,0.63,4,1,0,0,0
0.22,0.113,0,1,0,94.25,5770000000000,50,50,1,70,5,0,0,0,0,180,0.0154,1250,2.3219,2,0.2128,0,0,1,0.89,0.69,2,1,0,0,0
0.22,0.113,0.3,0.67,0.03,83.67,2990000000000,70,70,1,45,3,0,0,0,0,360,0.0218,2450,2.3219,7,0.4488,0.6,0.0105,0,0.43,0.54,6,1,0,0,0
0.22,0.113,0.5,0.47,0.03,73.84,1910000000000,50,50,1,45,3,0,0,0,0,102.8571,0.0131,1250,2.3219,7,0.4052,0.4,0.0092,0,0.55,0.93,2,1,0,0,0
0.22,0.113,0.77,0.23,0,57.24,978000000000,50,50,1,70,5,0,0,0,0,180,0.0156,1250,2.3219,2,0.2128,0,0,1,0.4,0.63,6,1,0,0,0
0.22,0.113,0.03,0.8,0.17,81.02,5980000000000,90,90,1,45,3,0,0,0,0,240,0.029,4050,2.3219,5,0.5531,0.6,0.0069,0,0.5,0.54,8,1,0,0,0
0.22,0.113,0.4,0.6,0,159.01,3450000000000,90,90,1,70,4,0,0,0,0,288,0.0373,4050,2.3219,11,0.3723,0.5,0.0115,0,0.46,0.54,12,1,0,0,0
0.22,0.113,0.27,0.73,0,150.16,2940000000000,70,70,1,30,4,0,0,0,0,180,0.0211,2450,2.3219,2,0.4571,0,0,1,0.63,0.74,9,1,0,0,0
2,0.267,1,0,0,66.35,1512820000000,50,70,0,0,0,1,0,6,0,180,0.0219,1750,2.3219,2,0.0674,1,0.0004,0,0.54,0.52,2,1,0,0,0
0.22,0.113,0.63,0.37,0,67.78,2120000000000,70,70,1,15,5,0,0,0,0,360,0.0176,2450,2.3219,1,0.5661,0,0,1,0.65,0.4,3,1,0,0,0
0.22,0.113,0.57,0.43,0,87.66,1510000000000,70,70,1,15,5,0,0,0,0,90,0.0188,2450,2.3219,4,0.5151,1,0.0029,0,0.58,0.55,6,1,0,0,0
0.22,0.113,0.52,0.48,0,67.07,1860000000000,50,50,1,15,4,0,0,0,0,90,0.0099,1250,2.3219,4,0.5464,1,0.0053,0,0.61,0.81,2,1,0,0,0
0.22,0.113,0.07,0.9,0.03,85.07,5840000000000,90,90,1,70,4,0,0,0,0,281.25,0.0357,4050,2.3219,14,0.3698,0.4,0.013,0,0.58,0.55,12,1,0,0,0
0.22,0.113,0.63,0.37,0,137.43,2390000000000,70,70,1,70,5,0,0,0,0,180,0.0271,2450,2.3219,5,0.2449,0.8,0.0075,0,0.6,0.38,9,1,0,0,0
0.22,0.113,0.63,0.33,0.03,112.37,2710000000000,90,90,1,45,5,0,0,0,0,300,0.0348,4050,2.3219,10,0.4062,0.6,0.0285,0,0,0,0,1,0,0,0
0.22,0.113,0.6,0.4,0,80.27,1730000000000,70,70,1,70,5,0,0,0,0,180,0.0257,2450,2.3219,3,0.2918,1,0.0098,0,0.5,0.47,6,1,0,0,0
0.22,0.113,0.43,0.57,0,65.61,1367590000000,70,50,1,30,4,0,0,0,0,240,0.0155,1750,2.3219,4,0.4634,0.8,0.009,0,0.57,0.57,6,1,0,0,0
0.22,0.113,1,0,0,54.98,1010000000000,50,50,1,45,5,0,0,0,0,180,0.0152,1250,2.3219,2,0.2248,0,0,1,0,0,0,1,0,0,0
0.22,0.113,0.07,0.9,0.03,112.75,5600000000000,70,70,1,30,3,0,0,0,0,180,0.0185,2450,2.3219,2,0.5498,0,0,1,0.56,0.51,9,1,0,0,0
2,0.267,0.57,0.43,0,14.94,292653000000,50,90,1,15,3,0,0,0,0,180,0.0126,2250,2.3219,5,0.6964,0.8,0.0091,0,0.33,0.48,6,1,0,0,0
0.22,0.113,0.9,0.1,0,107.85,1740000000000,70,70,1,70,5,0,0,0,0,180,0.027,2450,2.3219,5,0.2496,0.8,0.0071,0,0,0,0,1,0,0,0
0.22,0.113,0.53,0.47,0,73.28,1932920000000,50,90,1,30,4,0,0,0,0,360,0.0192,2250,2.3219,2,0.47,1,0.0163,0,0.38,0.69,3,1,0,0,0
0.22,0.113,0.4,0.57,0.03,131.55,2570000000000,70,70,1,70,4,0,0,0,0,135,0.0271,2450,2.3219,7,0.2357,0.6,0.0069,0,0.49,0.54,9,1,0,0,0
0.22,0.113,0.73,0.27,0,104.26,1810000000000,70,70,1,70,4,0,0,0,0,288,0.0255,2450,2.3219,6,0.3073,0.3,0.0121,0,0.67,0.48,6,1,0,0,0
0.22,0.113,0.47,0.47,0.07,117.94,3260000000000,90,90,1,70,4,0,0,0,0,216,0.0404,4050,2.3219,10,0.3078,0.7,0.0254,0,0,0,0,1,0,0,0
0.22,0.113,0.67,0.33,0,125.47,2180000000000,70,70,1,45,5,0,0,0,0,180,0.0261,2450,2.3219,3,0.2706,0.7,0.0073,0,0.57,0.53,6,1,0,0,0
0.22,0.113,0.9,0.1,0,43.64,801000000000,50,50,1,70,5,0,0,0,0,180,0.0153,1250,2.3219,2,0.208,0,0,1,0.56,0.71,2,1,0,0,0
0.22,0.113,0.83,0.17,0,55.44,1150000000000,50,50,1,45,4,0,0,0,0,180,0.0142,1250,2.3219,2,0.2908,0,0,1,0.22,0.81,2,1,0,0,0
0.22,0.113,0.27,0.67,0.07,32.75,4390000000000,70,70,1,30,3,0,0,0,0,120,0.0173,2450,2.3219,6,0.6043,0.8,0.0058,0,0.45,0.4,3,1,0,0,0
1.1,0.625,1,0,0,50.97,693853000000,50,50,1,45,4,0,0,0,0,180,0.0149,1250,2.3219,6,0.2736,0.7,0.0072,0,0,0,0,1,0,0,0
0.22,0.113,0.07,0.9,0.03,131.03,5430000000000,50,50,1,45,5,0,0,0,0,180,0.0133,1250,2.3219,2,0.3632,1,0.0002,0,0.51,0.6,6,1,0,0,0
2,0.267,0.57,0.4,0.03,60.08,2637780000000,50,50,0,0,0,1,10,2,0,135,0.016,1250,2.3219,14,0.1784,0.5,0.0124,0,0.67,0.37,2,1,0,0,0
0.22,0.113,0.27,0.73,0,142,4180000000000,90,90,1,30,4,0,0,0,0,216,0.0291,4050,2.3219,10,0.539,0.6,0.0101,0,0.6,0.46,8,1,0,0,0
0.22,0.113,0.43,0.57,0,98.22,1860000000000,70,70,1,70,4,0,0,0,0,120,0.0265,2450,2.3219,5,0.268,0.6,0.0088,0,0.65,0.57,9,1,0,0,0
2,0.267,0.33,0.67,0,87,3124250000000,70,70,0,0,0,1,10,4,0,80,0.0273,2450,2.3219,14,0.2076,0.6,0.0113,0,0.61,0.58,6,1,0,0,0
0.22,0.113,0.62,0.38,0,28.53,541000000000,50,50,1,45,3,0,0,0,0,360,0.0123,1250,2.3219,4,0.4592,0.5,0.0096,0,0.66,0.54,6,1,0,0,0
0.22,0.113,0.79,0.21,0,136.7,2514760000000,90,90,0,0,0,1,10,4,0,265.2632,0.0436,4050,2.3219,16,0.1391,0.5,0.0121,0,0,0,0,1,0,0,0
0.22,0.113,0.47,0.5,0.03,175.46,3860000000000,90,90,1,30,4,0,0,0,0,360,0.0257,4050,2.3219,2,0.6054,1,0.0026,0,0,0,0,1,0,0,0
0.22,0.113,0.1,0.7,0.2,36.97,5600000000000,90,90,1,30,4,0,0,0,0,240,0.0263,4050,2.3219,4,0.5758,0.2,0.0109,0,0,0,0,1,0,0,0
0.22,0.113,0.9,0.1,0,36.18,493000000000,50,50,1,15,3,0,0,0,0,180,0.0112,1250,2.3219,2,0.5268,0,0,1,0,0,0,1,0,0,0
0.22,0.113,0.57,0.43,0,96.15,1650000000000,50,50,1,45,5,0,0,0,0,180,0.015,1250,2.3219,2,0.2528,0,0,1,0.22,0.83,4,1,0,0,0
0.22,0.113,0.3,0.67,0.03,133.29,3470000000000,90,90,1,30,4,0,0,0,0,180,0.0257,4050,2.3219,2,0.5995,0,0,1,0.55,0.6,4,1,0,0,0
0.22,0.113,0.1,0.9,0,82.74,5410000000000,90,90,1,70,5,0,0,0,0,240,0.0414,4050,2.3219,7,0.2457,0.4,0.0076,0,0.62,0.6,8,1,0,0,0
0.22,0.113,0.67,0.33,0,66.36,1810000000000,50,50,1,45,4,0,0,0,0,308.5714,0.0155,1250,2.3219,4,0.234,0.5,0.0079,0,0.64,0.7,2,1,0,0,0
0.22,0.113,0.8,0.2,0,67.95,1401290000000,50,90,1,70,5,0,0,0,0,180,0.0249,2250,2.3219,2,0.2322,1,0.0004,0,0.45,0.6,6,1,0,0,0
0.22,0.113,0.07,0.87,0.07,85.66,5780000000000,70,70,1,15,4,0,0,0,0,180,0.016,2450,2.3219,2,0.6302,0,0,1,0.44,0.53,9,1,0,0,0
0.22,0.113,0.5,0.43,0.07,114.7,2970000000000,90,90,1,45,5,0,0,0,0,240,0.0319,4050,2.3219,4,0.4584,0.5,0.0058,0,0.58,0.44,8,1,0,0,0
0.22,0.113,0.03,0.9,0.07,89.31,5460000000000,70,70,1,30,4,0,0,0,0,240,0.0193,2450,2.3219,3,0.5139,1,0.0089,0,0.51,0.71,9,1,0,0,0
2,0.267,0.3,0.7,0,79.78,3137510000000,70,70,1,30,5,0,0,0,0,180,0.0219,2450,2.3219,5,0.4188,0.4,0.008,0,0.47,0.74,9,1,0,0,0
0.22,0.113,0.2,0.8,0,45.42,4780000000000,50,50,0,0,0,1,20,4,0,294.5455,0.0117,1250,2.3219,6,0.502,0.2,0.0135,0,0.52,0.85,2,1,0,0,0
0.22,0.113,0.4,0.6,0,78.72,1290000000000,70,70,1,30,3,0,0,0,0,360,0.0192,2450,2.3219,2,0.5308,1,0.0053,0,0.47,0.59,9,1,0,0,0
0.22,0.113,0.73,0.27,0,73.09,1140000000000,50,50,1,70,5,0,0,0,0,180,0.0158,1250,2.3219,2,0.2048,0,0,1,0.73,0.52,4,1,0,0,0
0.22,0.113,0.57,0.4,0.03,111.19,2670000000000,90,90,1,45,4,0,0,0,0,216,0.0335,4050,2.3219,4,0.4446,0.2,0.0085,0,0,0,0,1,0,0,0
0.22,0.113,0.27,0.73,0,204.65,3660000000000,90,90,1,15,5,0,0,0,0,360,0.0239,4050,2.3219,1,0.6233,0,0,1,0.59,0.61,8,1,0,0,0
0.22,0.113,0.4,0.6,0,103.96,2390000000000,70,70,1,45,3,0,0,0,0,327.2727,0.0227,2450,2.3219,9,0.4524,0.6,0.0323,0,0.77,0.53,3,1,0,0,0
0.22,0.113,0.67,0.3,0.03,85.79,2213560000000,50,90,0,0,0,1,10,4,0,270,0.0251,2250,2.3219,12,0.236,0.4,0.0202,0,0.39,0.56,3,1,0,0,0
0.22,0.113,0.57,0.4,0.03,100.09,3040000000000,90,90,1,15,5,0,0,0,0,180,0.0233,4050,2.3219,2,0.6281,1,0.003,0,0,0,0,1,0,0,0
0.22,0.113,0.1,0.8,0.1,60.95,5680000000000,90,90,1,30,5,0,0,0,0,342.8571,0.0331,4050,2.3219,4,0.4488,0.2,0.0196,0,0.64,0.51,4,1,0,0,0
0.22,0.113,0.72,0.28,0,14.89,336000000000,50,50,1,15,3,0,0,0,0,90,0.0091,1250,2.3219,4,0.6104,1,0.0056,0,0.64,0.49,2,1,0,0,0
0.22,0.113,0.23,0.77,0,123.04,2880000000000,90,90,1,15,4,0,0,0,0,180,0.0208,4050,2.3219,2,0.6758,0,0,1,0.53,0.56,12,1,0,0,0
0.22,0.113,0.07,0.87,0.07,100.87,5800000000000,70,70,1,30,5,0,0,0,0,360,0.0203,2450,2.3219,1,0.4716,0,0,1,0.67,0.74,6,1,0,0,0
0.22,0.113,0.5,0.5,0,92.61,2802510000000,70,70,0,0,0,1,30,2,0,185.1429,0.0287,2450,2.3219,25,0.1969,0.5,0.0124,0,0,0,0,1,0,0,0
0.22,0.113,0.5,0.5,0,120.23,2530000000000,70,70,1,30,3,0,0,0,0,270,0.0222,2450,2.3219,5,0.4665,0.2,0.0096,0,0.28,0.45,3,1,0,0,0
0.22,0.113,0.47,0.5,0.03,114.15,2850000000000,90,90,1,30,4,0,0,0,0,327.2727,0.0309,4050,2.3219,4,0.4951,0.2,0.0118,0,0.53,0.45,4,1,0,0,0
0.22,0.113,0.8,0.2,0,83.26,1690000000000,70,70,1,70,5,0,0,0,0,257.1429,0.0268,2450,2.3219,6,0.2478,0.5,0.0158,0,0.63,0.64,3,1,0,0,0
0.22,0.113,0.27,0.73,0,137.34,3850000000000,70,70,1,45,3,0,0,0,0,257.1429,0.0218,2450,2.3219,6,0.4822,0.5,0.0174,0,0.63,0.69,9,1,0,0,0
0.22,0.113,0.47,0.53,0,106.71,2260000000000,70,70,1,30,4,0,0,0,0,180,0.0216,2450,2.3219,2,0.4455,0,0,1,0.48,0.61,9,1,0,0,0
0.22,0.113,0.44,0.56,0,10,120000000000,90,90,1,15,3,0,0,0,0,180,0.0203,4050,2.3219,2,0.7136,0,0,1,0.57,0.51,8,1,0,0,0
0.22,0.113,0.47,0.53,0,153.95,2890000000000,90,90,1,45,5,0,0,0,0,160,0.039,4050,2.3219,7,0.297,0.4,0.0096,0,0.55,0.5,4,1,0,0,0
0.22,0.113,0.8,0.2,0,52.97,937000000000,50,50,1,45,4,0,0,0,0,360,0.0147,1250,2.3219,1,0.2928,0,0,1,0.44,0.53,6,1,0,0,0
0.22,0.113,0.57,0.43,0,106.87,2670000000000,70,70,1,30,5,0,0,0,0,120,0.0227,2450,2.3219,6,0.4135,0.3,0.0088,0,0.4,0.73,3,1,0,0,0
0.22,0.113,0.1,0.8,0.1,96.75,5110000000000,90,90,0,0,0,1,20,2,0,261.8182,0.0454,4050,2.3219,36,0.1038,0.5,0.015,0,0,0,0,1,0,0,0
